Rank,Title,Score,Type,Episodes,Aired_Date,Members
1,Sousou no Frieren,9.25,TV,28,Sep 2023 - Mar 2024,"1,512,841 members"
2,Fullmetal Alchemist: Brotherhood,9.11,TV,64,Apr 2009 - Jul 2010,"3,733,561 members"
3,Re:Zero kara Hajimeru Isekai Seikatsu 4th Season,9.11,TV,19,Apr 2026 - Sep 2026,"326,531 members"
4,Steel Ball Run: JoJo no Kimyou na Bouken,9.08,ONA,?,Mar 2026 -,"232,906 members"
5,Bleach: Sennen Kessen-hen - Kashin-tan,9.07,TV,10,Jul 2026 -,"162,216 members"
6,Steins;Gate,9.07,TV,24,Apr 2011 - Sep 2011,"2,850,604 members"
7,Chainsaw Man Movie: Reze-hen,9.05,Movie,1,Sep 2025 - Sep 2025,"547,116 members"
8,Gintama: The Final,9.05,Movie,1,Jan 2021 - Jan 2021,"188,332 members"
9,Gintama°,9.05,TV,51,Apr 2015 - Mar 2016,"699,105 members"
10,Shingeki no Kyojin Season 3 Part 2,9.05,TV,10,Apr 2019 - Jul 2019,"2,637,503 members"
11,Hunter x Hunter (2011),9.03,TV,148,Oct 2011 - Sep 2014,"3,239,515 members"
12,Ginga Eiyuu Densetsu,9.02,OVA,110,Jan 1988 - Mar 1997,"369,574 members"
13,Gintama',9.02,TV,51,Apr 2011 - Mar 2012,"622,201 members"
14,Gintama': Enchousen,9.02,TV,13,Oct 2012 - Mar 2013,"362,231 members"
15,One Piece Fan Letter,9.00,TV Special,1,Oct 2024 - Oct 2024,"165,780 members"
16,Bleach: Sennen Kessen-hen,8.98,TV,13,Oct 2022 - Dec 2022,"730,535 members"
17,Gintama.,8.98,TV,12,Jan 2017 - Mar 2017,"353,078 members"
18,Kaguya-sama wa Kokurasetai: Ultra Romantic,8.95,TV,13,Apr 2022 - Jun 2022,"1,136,950 members"
19,Clannad: After Story,8.93,TV,24,Oct 2008 - Mar 2009,"1,300,355 members"
20,Fruits Basket: The Final,8.93,TV,13,Apr 2021 - Jun 2021,"574,021 members"
21,Gintama,8.93,TV,201,Apr 2006 - Mar 2010,"1,168,392 members"
22,Koe no Katachi,8.93,Movie,1,Sep 2016 - Sep 2016,"2,659,927 members"
23,Code Geass: Hangyaku no Lelouch R2,8.92,TV,25,Apr 2008 - Sep 2008,"1,982,252 members"
24,Kusuriya no Hitorigoto 2nd Season,8.90,TV,24,Jan 2025 - Jul 2025,"548,009 members"
25,Monster,8.90,TV,74,Apr 2004 - Sep 2005,"1,359,723 members"
26,3-gatsu no Lion 2nd Season,8.89,TV,22,Oct 2017 - Mar 2018,"443,647 members"
27,Gintama Movie 2: Kanketsu-hen - Yorozuya yo Eien Nare,8.89,Movie,1,Jul 2013 - Jul 2013,"264,975 members"
28,Gintama. Shirogane no Tamashii-hen - Kouhan-sen,8.88,TV,14,Jul 2018 - Oct 2018,"229,554 members"
29,Owarimonogatari 2nd Season,8.86,TV Special,7,Aug 2017 - Aug 2017,"442,491 members"
30,Shingeki no Kyojin: The Final Season - Kanketsu-hen,8.86,TV Special,2,Mar 2023 - Nov 2023,"895,185 members"
31,Kingdom 3rd Season,8.85,TV,26,Apr 2020 - Oct 2021,"137,650 members"
32,Kusuriya no Hitorigoto,8.84,TV,24,Oct 2023 - Mar 2024,"895,027 members"
33,Shingeki no Kyojin Movie: Kanketsu-hen - The Last Attack,8.84,Movie,1,Nov 2024 - Nov 2024,"100,117 members"
34,Sousou no Frieren 2nd Season,8.84,TV,10,Jan 2026 - Mar 2026,"608,691 members"
35,Vinland Saga Season 2,8.83,TV,24,Jan 2023 - Jun 2023,"889,642 members"
36,Violet Evergarden Movie,8.83,Movie,1,Sep 2020 - Sep 2020,"745,106 members"
37,Kimi no Na wa.,8.82,Movie,1,Aug 2016 - Aug 2016,"3,068,045 members"
38,Ashita no Joe 2,8.81,TV,47,Oct 1980 - Aug 1981,"70,371 members"
39,Gintama Movie 3: Yoshiwara Daienjou,8.81,Movie,1,Feb 2026 - Feb 2026,"15,740 members"
40,Gintama. Shirogane no Tamashii-hen,8.81,TV,12,Jan 2018 - Mar 2018,"241,225 members"
41,Shingeki no Kyojin: The Final Season,8.79,TV,16,Dec 2020 - Mar 2021,"2,331,955 members"
42,Hajime no Ippo,8.78,TV,75,Oct 2000 - Mar 2002,"708,684 members"
43,Kizumonogatari III: Reiketsu-hen,8.78,Movie,1,Jan 2017 - Jan 2017,"520,752 members"
44,Mob Psycho 100 II,8.78,TV,13,Jan 2019 - Apr 2019,"1,754,902 members"
45,Shingeki no Kyojin: The Final Season Part 2,8.78,TV,12,Jan 2022 - Apr 2022,"1,598,802 members"
46,Vinland Saga,8.78,TV,24,Jul 2019 - Dec 2019,"1,866,910 members"
47,Haikyuu!! Karasuno Koukou vs. Shiratorizawa Gakuen Koukou,8.77,TV,10,Oct 2016 - Dec 2016,"1,344,615 members"
48,Sen to Chihiro no Kamikakushi,8.77,Movie,1,Jul 2001 - Jul 2001,"2,053,040 members"
49,Monogatari Series: Second Season,8.76,TV,26,Jul 2013 - Dec 2013,"726,532 members"
50,Cowboy Bebop,8.75,TV,26,Apr 1998 - Apr 1999,"2,084,940 members"
51,Takopii no Genzai,8.74,ONA,6,Jun 2025 - Aug 2025,"352,146 members"
52,86 Part 2,8.73,TV,12,Oct 2021 - Mar 2022,"663,530 members"
53,Hibike! Euphonium 3,8.73,TV,13,Apr 2024 - Jun 2024,"101,703 members"
54,Kingdom 4th Season,8.73,TV,26,Apr 2022 - Oct 2022,"93,740 members"
55,One Piece,8.73,TV,?,Oct 1999 -,"2,725,672 members"
56,Bocchi the Rock!,8.72,TV,12,Oct 2022 - Dec 2022,"822,931 members"
57,Chi. Chikyuu no Undou ni Tsuite,8.72,TV,25,Oct 2024 - Mar 2025,"317,818 members"
58,Jiyi Guanli Ju (2026),8.72,ONA,7,Aug 2026 - Aug 2026,"24,550 members"
59,Kingdom 5th Season,8.72,TV,13,Jan 2024 - Mar 2024,"65,886 members"
60,Mob Psycho 100 III,8.72,TV,12,Oct 2022 - Dec 2022,"886,991 members"
61,Mushishi Zoku Shou 2nd Season,8.72,TV,10,Oct 2014 - Dec 2014,"296,141 members"
62,Boku no Hero Academia: Final Season,8.71,TV,11,Oct 2025 - Dec 2025,"344,529 members"
63,Code Geass: Hangyaku no Lelouch,8.71,TV,25,Oct 2006 - Jul 2007,"2,508,252 members"
64,Ikoku Nikki,8.71,TV,13,Jan 2026 - Mar 2026,"126,972 members"
65,Kaguya-sama wa Kokurasetai: First Kiss wa Owaranai,8.71,Movie,1,Dec 2022 - Dec 2022,"396,991 members"
66,Bleach: Sennen Kessen-hen - Ketsubetsu-tan,8.70,TV,13,Jul 2023 - Sep 2023,"435,945 members"
67,Guimi Zhi Zhu Specials,8.70,ONA,3,Jun 2026 - Jun 2026,"20,565 members"
68,Shiguang Dailiren,8.70,ONA,11,Apr 2021 - Jul 2021,"495,970 members"
69,The First Slam Dunk,8.70,Movie,1,Dec 2022 - Dec 2022,"80,297 members"
70,Jujutsu Kaisen 2nd Season,8.69,TV,23,Jul 2023 - Dec 2023,"1,457,477 members"
71,Mushishi Zoku Shou,8.69,TV,10,Apr 2014 - Jun 2014,"330,288 members"
72,Rurouni Kenshin: Meiji Kenkaku Romantan - Tsuioku-hen,8.69,OVA,4,Feb 1999 - Sep 1999,"294,345 members"
73,Shouwa Genroku Rakugo Shinjuu: Sukeroku Futatabi-hen,8.69,TV,12,Jan 2017 - Mar 2017,"203,910 members"
74,Violet Evergarden,8.69,TV,13,Jan 2018 - Apr 2018,"2,029,183 members"
75,Great Teacher Onizuka,8.68,TV,43,Jun 1999 - Sep 2000,"934,361 members"
76,Kimetsu no Yaiba: Yuukaku-hen,8.68,TV,11,Dec 2021 - Feb 2022,"1,779,204 members"
77,[Oshi no Ko] 3rd Season,8.68,TV,11,Jan 2026 - Mar 2026,"296,425 members"
78,Bleach: Sennen Kessen-hen - Soukoku-tan,8.67,TV,14,Oct 2024 - Dec 2024,"320,829 members"
79,Boku no Kokoro no Yabai Yatsu 2nd Season,8.67,TV,13,Jan 2024 - Mar 2024,"324,699 members"
80,Hajime no Ippo: New Challenger,8.67,TV,26,Jan 2009 - Jul 2009,"332,015 members"
81,Howl no Ugoku Shiro,8.67,Movie,1,Nov 2004 - Nov 2004,"1,511,400 members"
82,Mononoke Hime,8.67,Movie,1,Jul 1997 - Jul 1997,"1,398,371 members"
83,Uma Musume: Cinderella Gray Part 2,8.67,TV,10,Oct 2025 - Dec 2025,"74,655 members"
84,Kingdom 6th Season,8.66,TV,13,Oct 2025 - Dec 2025,"42,590 members"
85,Luo Xiaohei Zhanji 2,8.66,Movie,1,Jul 2025 - Jul 2025,"14,464 members"
86,Tu Bian Yingxiong X,8.66,ONA,24,Apr 2025 - Sep 2025,"267,840 members"
87,Kimetsu no Yaiba Movie 1: Mugenjou-hen - Akaza Sairai,8.65,Movie,1,Jul 2025 - Jul 2025,"422,663 members"
88,Mushishi,8.65,TV,26,Oct 2005 - Jun 2006,"917,935 members"
89,Shingeki no Kyojin Season 3,8.65,TV,12,Jul 2018 - Oct 2018,"2,709,739 members"
90,Tengen Toppa Gurren Lagann,8.65,TV,27,Apr 2007 - Sep 2007,"1,792,343 members"
91,Mo Dao Zu Shi: Wanjie Pian,8.64,ONA,12,Aug 2021 - Oct 2021,"98,336 members"
92,Monogatari Series: Off & Monster Season,8.64,ONA,14,Jul 2024 - Oct 2024,"107,824 members"
93,Shigatsu wa Kimi no Uso,8.64,TV,22,Oct 2014 - Mar 2015,"2,458,482 members"
94,Tian Guan Cifu Er,8.64,ONA,12,Oct 2023 - Jan 2024,"67,320 members"
95,Uma Musume: Pretty Derby - Shin Jidai no Tobira,8.64,Movie,1,May 2024 - May 2024,"66,034 members"
96,Fate/stay night Movie: Heaven's Feel - III. Spring Song,8.63,Movie,1,Aug 2020 - Aug 2020,"416,134 members"
97,Natsume Yuujinchou Shi,8.63,TV,13,Jan 2012 - Mar 2012,"268,311 members"
98,Ping Pong the Animation,8.63,TV,11,Apr 2014 - Jun 2014,"447,197 members"
99,Chiikawa,8.62,TV,?,Apr 2022 -,"25,490 members"
100,Cyberpunk: Edgerunners,8.62,ONA,10,Sep 2022 - Sep 2022,"1,110,599 members"
101,Death Note,8.62,TV,37,Oct 2006 - Jun 2007,"4,362,031 members"
102,Haikyuu!! Movie: Gomisuteba no Kessen,8.62,Movie,1,Feb 2024 - Feb 2024,"240,261 members"
103,Made in Abyss,8.62,TV,13,Jul 2017 - Sep 2017,"1,575,393 members"
104,Odd Taxi,8.62,TV,13,Apr 2021 - Jun 2021,"522,273 members"
105,Shiguang Dailiren II,8.62,ONA,12,Jul 2023 - Sep 2023,"179,716 members"
106,Tengen Toppa Gurren Lagann Movie 2: Lagann-hen,8.62,Movie,1,Apr 2009 - Apr 2009,"242,184 members"
107,Guimi Zhi Zhu: Xiaochou Pian,8.61,ONA,13,Jun 2025 - Aug 2025,"227,738 members"
108,Haikyuu!! Second Season,8.61,TV,25,Oct 2015 - Mar 2016,"1,585,503 members"
109,Hajime no Ippo: Rising,8.61,TV,25,Oct 2013 - Mar 2014,"304,235 members"
110,Kaguya-sama wa Kokurasetai? Tensai-tachi no Renai Zunousen,8.61,TV,12,Apr 2020 - Jun 2020,"1,524,332 members"
111,Kenpuu Denki Berserk,8.61,TV,25,Oct 1997 - Apr 1998,"782,063 members"
112,Look Back,8.61,Movie,1,Jun 2024 - Jun 2024,"263,681 members"
113,Natsume Yuujinchou Roku,8.61,TV,11,Apr 2017 - Jun 2017,"207,906 members"
114,Bungou Stray Dogs 5th Season,8.60,TV,11,Jul 2023 - Sep 2023,"268,419 members"
115,Made in Abyss Movie 3: Fukaki Tamashii no Reimei,8.60,Movie,1,Jan 2020 - Jan 2020,"547,542 members"
116,Jujutsu Kaisen: Shimetsu Kaiyuu - Zenpen,8.59,TV,12,Jan 2026 - Mar 2026,"572,751 members"
117,Made in Abyss: Retsujitsu no Ougonkyou,8.59,TV,12,Jul 2022 - Sep 2022,"551,353 members"
118,Mushoku Tensei: Isekai Ittara Honki Dasu Part 2,8.59,TV,12,Oct 2021 - Dec 2021,"1,157,456 members"
119,Seishun Buta Yarou wa Yumemiru Shoujo no Yume wo Minai,8.59,Movie,1,Jun 2019 - Jun 2019,"837,719 members"
120,Suzumiya Haruhi no Shoushitsu,8.59,Movie,1,Feb 2010 - Feb 2010,"656,205 members"
121,Dungeon Meshi,8.58,TV,24,Jan 2024 - Jun 2024,"613,093 members"
122,JoJo no Kimyou na Bouken Part 5: Ougon no Kaze,8.58,TV,39,Oct 2018 - Jul 2019,"1,195,558 members"
123,Mushishi Zoku Shou: Suzu no Shizuku,8.58,Movie,1,May 2015 - May 2015,"142,501 members"
124,Nana,8.58,TV,47,Apr 2006 - Mar 2007,"799,518 members"
125,Shiguang Dailiren III,8.58,ONA,12,Aug 2026 -,"37,051 members"
126,Shin Evangelion Movie:||,8.58,Movie,1,Mar 2021 - Mar 2021,"432,296 members"
127,Shingeki no Kyojin,8.58,TV,25,Apr 2013 - Sep 2013,"4,423,994 members"
128,Natsume Yuujinchou Shichi,8.57,TV,12,Oct 2024 - Dec 2024,"61,051 members"
129,"Shinseiki Evangelion Movie: Air/Magokoro wo, Kimi ni",8.57,Movie,1,Jul 1997 - Jul 1997,"1,061,147 members"
130,Uma Musume: Cinderella Gray,8.57,TV,13,Apr 2025 - Jun 2025,"112,027 members"
131,Haikyuu!! To the Top Part 2,8.56,TV,12,Oct 2020 - Dec 2020,"942,725 members"
132,Kizumonogatari II: Nekketsu-hen,8.56,Movie,1,Aug 2016 - Aug 2016,"495,810 members"
133,Natsume Yuujinchou Go,8.56,TV,11,Oct 2016 - Dec 2016,"208,034 members"
134,Natsume Yuujinchou San,8.56,TV,13,Jul 2011 - Sep 2011,"274,419 members"
135,Ookami Kodomo no Ame to Yuki,8.56,Movie,1,Jul 2012 - Jul 2012,"875,723 members"
136,Perfect Blue,8.56,Movie,1,Feb 1998 - Feb 1998,"839,428 members"
137,Slam Dunk,8.56,TV,101,Oct 1993 - Mar 1996,"342,924 members"
138,Steins;Gate 0,8.56,TV,23,Apr 2018 - Sep 2018,"968,890 members"
139,Hotaru no Haka,8.55,Movie,1,Apr 1988 - Apr 1988,"780,769 members"
140,Kimi no Suizou wo Tabetai,8.55,Movie,1,Sep 2018 - Sep 2018,"1,142,583 members"
141,Yojouhan Shinwa Taikei,8.55,TV,11,Apr 2010 - Jul 2010,"502,725 members"
142,Doupo Cangqiong: San Nian Zhi Yue,8.54,ONA,13,Oct 2021 - Jan 2022,"11,826 members"
143,Mushoku Tensei III: Isekai Ittara Honki Dasu,8.54,TV,14,Jul 2026 - Sep 2026,"319,616 members"
144,Shingeki no Kyojin Season 2,8.54,TV,12,Apr 2017 - Jun 2017,"3,064,014 members"
145,Shouwa Genroku Rakugo Shinjuu,8.54,TV,13,Jan 2016 - Apr 2016,"318,003 members"
146,Fate/Zero 2nd Season,8.53,TV,12,Apr 2012 - Jun 2012,"1,207,330 members"
147,Kimetsu no Yaiba Movie: Mugen Ressha-hen,8.53,Movie,1,Oct 2020 - Oct 2020,"1,808,703 members"
148,Mushishi: Hihamukage,8.53,TV Special,1,Jan 2014 - Jan 2014,"155,217 members"
149,Nippon Sangoku,8.53,TV,12,Apr 2026 - Jun 2026,"123,355 members"
150,Zoku Natsume Yuujinchou,8.53,TV,13,Jan 2009 - Mar 2009,"268,926 members"
151,Fruits Basket 2nd Season,8.52,TV,25,Apr 2020 - Sep 2020,"594,263 members"
152,Gintama Movie 1: Shinyaku Benizakura-hen,8.52,Movie,1,Apr 2010 - Apr 2010,"179,336 members"
153,Samurai Champloo,8.52,TV,26,May 2004 - Mar 2005,"1,367,961 members"
154,Shoujo☆Kageki Revue Starlight Movie,8.52,Movie,1,Jun 2021 - Jun 2021,"26,873 members"
155,[Oshi no Ko],8.52,TV,11,Apr 2023 - Jun 2023,"1,079,417 members"
156,Bakuman. 3rd Season,8.51,TV,25,Oct 2012 - Mar 2013,"350,284 members"
157,Gintama. Porori-hen,8.51,TV,13,Oct 2017 - Dec 2017,"225,277 members"
158,JoJo no Kimyou na Bouken Part 4: Diamond wa Kudakenai,8.51,TV,39,Apr 2016 - Dec 2016,"1,295,660 members"
159,Kaguya-sama wa Kokurasetai: Otona e no Kaidan,8.51,TV Special,1,Dec 2025 - Dec 2025,"120,105 members"
160,Koukaku Kidoutai: Stand Alone Complex 2nd GIG,8.51,TV,26,Jan 2004 - Jan 2005,"244,795 members"
161,Mahou Shoujo Madoka★Magica Movie 3: Hangyaku no Monogatari,8.51,Movie,1,Oct 2013 - Oct 2013,"429,308 members"
162,Dr. Stone: Science Future Part 2,8.50,TV,12,Jul 2025 - Sep 2025,"253,562 members"
163,Fanren Xiu Xian Zhuan 4th Season,8.50,ONA,52,Jan 2025 - Jan 2026,"3,520 members"
164,Given Movie 3: Umi e,8.50,Movie,1,Sep 2024 - Sep 2024,"34,741 members"
165,Grand Blue Season 2,8.50,TV,12,Jul 2025 - Sep 2025,"217,349 members"
166,JoJo no Kimyou na Bouken Part 6: Stone Ocean Part 3,8.50,ONA,14,Dec 2022 - Dec 2022,"325,761 members"
167,Kara no Kyoukai Movie 5: Mujun Rasen,8.50,Movie,1,Aug 2008 - Aug 2008,"255,991 members"
168,Ore dake Level Up na Ken Season 2: Arise from the Shadow,8.50,TV,13,Jan 2025 - Mar 2025,"825,409 members"
169,Sora yori mo Tooi Basho,8.50,TV,13,Jan 2018 - Mar 2018,"560,480 members"
170,[Oshi no Ko] 2nd Season,8.50,TV,13,Jul 2024 - Oct 2024,"540,763 members"
171,Jujutsu Kaisen,8.49,TV,24,Oct 2020 - Mar 2021,"3,107,350 members"
172,Mob Psycho 100,8.49,TV,12,Jul 2016 - Sep 2016,"2,357,231 members"
173,Seihantai na Kimi to Boku 2nd Season,8.49,TV,13,Jul 2026 - Sep 2026,"110,450 members"
174,Yuru Camp△ Season 2,8.49,TV,13,Jan 2021 - Apr 2021,"257,236 members"
175,Aria the Origination,8.48,TV,13,Jan 2008 - Apr 2008,"143,892 members"
176,Ousama Ranking,8.48,TV,23,Oct 2021 - Mar 2022,"771,087 members"
177,Tongari Boushi no Atelier,8.48,TV,13,Apr 2026 - Jun 2026,"443,802 members"
178,Uchuu Kyoudai,8.48,TV,99,Apr 2012 - Mar 2014,"212,749 members"
179,Xian Ni,8.48,ONA,180,Sep 2023 -,"12,789 members"
180,Ansatsu Kyoushitsu 2nd Season,8.47,TV,25,Jan 2016 - Jul 2016,"1,588,992 members"
181,Kaoru Hana wa Rin to Saku,8.47,TV,13,Jul 2025 - Sep 2025,"501,092 members"
182,Nichijou,8.47,TV,26,Apr 2011 - Sep 2011,"995,192 members"
183,One Punch Man,8.47,TV,12,Oct 2015 - Dec 2015,"3,557,720 members"
184,Tian Guan Cifu Short Films,8.47,ONA,?,Feb 2025 -,"12,463 members"
185,Tian Guan Cifu Special,8.47,ONA,1,Feb 2021 - Feb 2021,"61,811 members"
186,Yakusoku no Neverland,8.47,TV,12,Jan 2019 - Mar 2019,"2,181,051 members"
187,Chihayafuru 3,8.46,TV,24,Oct 2019 - Mar 2020,"159,263 members"
188,Fate/stay night Movie: Heaven's Feel - II. Lost Butterfly,8.46,Movie,1,Jan 2019 - Jan 2019,"446,188 members"
189,Rainbow: Nisha Rokubou no Shichinin,8.46,TV,26,Apr 2010 - Sep 2010,"429,155 members"
190,Summertime Render,8.46,TV,25,Apr 2022 - Sep 2022,"697,194 members"
191,Yuu☆Yuu☆Hakusho,8.46,TV,112,Oct 1992 - Jan 1995,"762,606 members"
192,Banana Fish,8.45,TV,24,Jul 2018 - Dec 2018,"977,437 members"
193,Chou Kaguya-hime!,8.45,ONA,1,Jan 2026 - Jan 2026,"110,859 members"
194,Dorohedoro Season 2,8.45,ONA,11,Apr 2026 - May 2026,"96,348 members"
195,Gintama: The Semi-Final,8.45,Special,2,Jan 2021 - Jan 2021,"95,472 members"
196,Grand Blue,8.45,TV,12,Jul 2018 - Sep 2018,"927,383 members"
197,Mo Dao Zu Shi: Xian Yun Pian,8.45,ONA,8,Aug 2019 - Sep 2019,"120,378 members"
198,Nezha Zhi Mo Tong Nao Hai,8.45,Movie,1,Jan 2025 - Jan 2025,"12,869 members"
199,Owarimonogatari,8.45,TV,12,Oct 2015 - Dec 2015,"515,818 members"
200,Prism Rondo,8.45,ONA,20,Jan 2026 - Jan 2026,"72,182 members"
201,Steins;Gate Movie: Fuka Ryouiki no Déjà vu,8.45,Movie,1,Apr 2013 - Apr 2013,"651,148 members"
202,Hunter x Hunter,8.44,TV,62,Oct 1999 - Mar 2001,"656,710 members"
203,JoJo no Kimyou na Bouken Part 3: Stardust Crusaders - Egypt-hen,8.44,TV,24,Jan 2015 - Jun 2015,"1,272,835 members"
204,Mo Dao Zu Shi,8.44,ONA,15,Jul 2018 - Oct 2018,"259,007 members"
205,Pluto,8.44,ONA,8,Oct 2023 - Oct 2023,"263,671 members"
206,Zoku Owarimonogatari,8.44,TV,6,May 2019 - Jun 2019,"256,362 members"
207,Golden Kamuy 3rd Season,8.43,TV,12,Oct 2020 - Dec 2020,"205,365 members"
208,Haikyuu!!,8.43,TV,25,Apr 2014 - Sep 2014,"2,202,013 members"
209,Medalist 2nd Season,8.43,TV,9,Jan 2026 - Mar 2026,"47,052 members"
210,Tenmaku no Jaadugar,8.43,TV,12,Jul 2026 - Sep 2026,"82,184 members"
211,Violet Evergarden Gaiden: Eien to Jidou Shuki Ningyou,8.43,Movie,1,Sep 2019 - Sep 2019,"491,702 members"
212,Chainsaw Man,8.42,TV,12,Oct 2022 - Dec 2022,"2,026,530 members"
213,Grand Blue Season 3,8.41,TV,12,Jul 2026 - Sep 2026,"104,011 members"
214,Kono Oto Tomare! Part 2,8.42,TV,13,Oct 2019 - Dec 2019,"206,361 members"
215,Koukaku Kidoutai: Stand Alone Complex,8.42,TV,26,Oct 2002 - Oct 2003,"429,811 members"
216,Mushishi Zoku Shou: Odoro no Michi,8.42,TV Special,1,Aug 2014 - Aug 2014,"112,297 members"
217,Natsume Yuujinchou Movie: Utsusemi ni Musubu,8.42,Movie,1,Sep 2018 - Sep 2018,"85,295 members"
218,Re:Zero kara Hajimeru Isekai Seikatsu 2nd Season Part 2,8.42,TV,12,Jan 2021 - Mar 2021,"1,106,746 members"
219,Saenai Heroine no Sodatekata Fine,8.42,Movie,1,Oct 2019 - Oct 2019,"207,680 members"
220,Shingeki no Kyojin: Kuinaki Sentaku,8.42,OVA,2,Dec 2014 - Apr 2015,"571,047 members"
221,Violet Evergarden: Recollections,8.42,TV Special,1,Oct 2021 - Oct 2021,"50,006 members"
222,Bungou Stray Dogs 4th Season,8.41,TV,13,Jan 2023 - Mar 2023,"368,683 members"
223,Gintama: Yorinuki Gintama-san on Theater 2D,8.41,Movie,2,Aug 2012 - Aug 2012,"49,215 members"
224,Kamisama Hajimemashita: Kako-hen,8.41,OVA,4,Aug 2015 - Aug 2016,"187,783 members"
225,Kimi ni Todoke 3rd Season,8.41,ONA,5,Aug 2024 - Aug 2024,"121,346 members"
226,Mononoke,8.41,TV,12,Jul 2007 - Sep 2007,"373,314 members"
227,Re:Zero kara Hajimeru Isekai Seikatsu 3rd Season,8.41,TV,16,Oct 2024 - Mar 2025,"543,125 members"
228,Saiki Kusuo no Ψ-nan,8.41,TV,120,Jul 2016 - Dec 2016,"1,276,947 members"
229,Saiki Kusuo no Ψ-nan 2,8.41,TV,24,Jan 2018 - Jun 2018,"734,105 members"
230,Spy x Family,8.41,TV,12,Apr 2022 - Jun 2022,"1,933,404 members"
231,Tian Guan Cifu,8.41,ONA,11,Oct 2020 - Jan 2021,"180,854 members"
232,Doupo Cangqiong: Nian Fan,8.40,ONA,219,Jul 2022 -,"12,852 members"
233,Golden Kamuy: Saishuushou,8.40,TV,13,Jan 2026 - Mar 2026,"65,631 members"
234,Guangyin Zhi Wai,8.40,ONA,26,Dec 2025 - Jun 2026,"2,712 members"
235,Kaguya-sama wa Kokurasetai: Tensai-tachi no Renai Zunousen,8.40,TV,12,Jan 2019 - Mar 2019,"1,971,732 members"
236,Karakai Jouzu no Takagi-san Movie,8.40,Movie,1,Jun 2022 - Jun 2022,"98,606 members"
237,Kono Subarashii Sekai ni Shukufuku wo! Movie: Kurenai Densetsu,8.40,Movie,1,Aug 2019 - Aug 2019,"902,051 members"
238,Natsume Yuujinchou Roku Specials,8.40,Special,2,Sep 2017 - Oct 2017,"54,591 members"
239,Sayonara no Asa ni Yakusoku no Hana wo Kazarou,8.40,Movie,1,Feb 2018 - Feb 2018,"504,169 members"
240,Wu Liuqi: Xuanwu Guo Pian,8.40,ONA,10,Jan 2021 - May 2021,"87,217 members"
241,Blue Giant,8.39,Movie,1,Feb 2023 - Feb 2023,"51,288 members"
242,Dandadan,8.39,TV,12,Oct 2024 - Dec 2024,"1,025,414 members"
243,Girls & Panzer: Saishuushou Part 4,8.39,Movie,1,Oct 2023 - Oct 2023,"28,644 members"
244,Houseki no Kuni,8.39,TV,12,Oct 2017 - Dec 2017,"527,267 members"
245,Kimetsu no Yaiba,8.39,TV,26,Apr 2019 - Sep 2019,"3,505,847 members"
246,Made in Abyss Movie 2: Hourou Suru Tasogare,8.39,Movie,1,Jan 2019 - Jan 2019,"168,927 members"
247,Mahou Shoujo Madoka★Magica,8.39,TV,12,Jan 2011 - Apr 2011,"1,432,450 members"
248,Major S5,8.39,TV,25,Jan 2009 - Jun 2009,"76,340 members"
249,Ashita no Joe,8.38,TV,79,Apr 1970 - Sep 1971,"117,423 members"
250,Cowboy Bebop: Tengoku no Tobira,8.38,Movie,1,Sep 2001 - Sep 2001,"416,543 members"
251,Dandadan 2nd Season,8.38,TV,12,Jul 2025 - Sep 2025,"592,227 members"
252,Josee to Tora to Sakana-tachi,8.38,Movie,1,Dec 2020 - Dec 2020,"546,923 members"
253,Kaze ga Tsuyoku Fuiteiru,8.38,TV,23,Oct 2018 - Mar 2019,"339,859 members"
254,Ling Long 2nd Season,8.38,ONA,12,May 2025 - Aug 2025,"2,292 members"
255,Mahou Shoujo Madoka★Magica Movie 2: Eien no Monogatari,8.38,Movie,1,Oct 2012 - Oct 2012,"223,594 members"
256,Medalist,8.38,TV,13,Jan 2025 - Mar 2025,"98,197 members"
257,Ramayana: The Legend of Prince Rama,8.38,Movie,1,Jan 1993 - Jan 1993,"16,009 members"
258,3-gatsu no Lion,8.37,TV,22,Oct 2016 - Mar 2017,"745,090 members"
259,Chihayafuru 2,8.37,TV,25,Jan 2013 - Jun 2013,"254,972 members"
260,Cross Game,8.37,TV,50,Apr 2009 - Mar 2010,"133,763 members"
261,Doraemon Movie 31: Shin Nobita to Tetsujin Heidan - Habatake Tenshi-tachi,8.37,Movie,1,Mar 2011 - Mar 2011,"23,326 members"
262,Gintama°: Aizome Kaori-hen,8.37,OVA,2,Aug 2016 - Nov 2016,"93,944 members"
263,Haikyuu!! To the Top,8.37,TV,13,Jan 2020 - Apr 2020,"1,067,271 members"
264,Initial D First Stage,8.37,TV,26,Apr 1998 - Dec 1998,"448,331 members"
265,Mushoku Tensei II: Isekai Ittara Honki Dasu Part 2,8.37,TV,12,Apr 2024 - Jul 2024,"610,829 members"
266,Shinseiki Evangelion,8.37,TV,26,Oct 1995 - Mar 1996,"2,062,962 members"
267,Vivy: Fluorite Eye's Song,8.37,TV,13,Apr 2021 - Jun 2021,"619,339 members"
268,Yuru Camp△ Movie,8.37,Movie,1,Jul 2022 - Jul 2022,"96,411 members"
269,Barakamon,8.36,TV,12,Jul 2014 - Sep 2014,"721,422 members"
270,Douluo Dalu 2nd Season,8.36,ONA,237,Dec 2018 - Jun 2023,"24,466 members"
271,Gintama: Shiroyasha Koutan,8.36,Special,1,Sep 2008 - Sep 2008,"76,252 members"
272,K-On! Movie,8.36,Movie,1,Dec 2011 - Dec 2011,"359,842 members"
273,Kara no Kyoukai Movie 7: Satsujin Kousatsu (Go),8.36,Movie,1,Aug 2009 - Aug 2009,"221,168 members"
274,Karakai Jouzu no Takagi-san 3,8.36,TV,12,Jan 2022 - Mar 2022,"215,595 members"
275,Kaze no Tani no Nausicaä,8.36,Movie,1,Mar 1984 - Mar 1984,"419,627 members"
276,Kizumonogatari I: Tekketsu-hen,8.36,Movie,1,Jan 2016 - Jan 2016,"588,952 members"
277,Versailles no Bara,8.36,TV,40,Oct 1979 - Sep 1980,"117,287 members"
278,"Violet Evergarden: Kitto ""Ai"" wo Shiru Hi ga Kuru no Darou",8.36,Special,1,Jul 2018 - Jul 2018,"377,467 members"
279,86,8.35,TV,11,Apr 2021 - Jun 2021,"1,003,809 members"
280,Fanren Xiu Xian Zhuan: Xinghai Feichi,8.35,ONA,48,Nov 2023 - Oct 2024,"4,422 members"
281,Fruits Basket: Prelude,8.35,Movie,1,Feb 2022 - Feb 2022,"134,163 members"
282,Fumetsu no Anata e,8.35,TV,20,Apr 2021 - Aug 2021,"1,015,255 members"
283,Girls Band Cry,8.35,TV,13,Apr 2024 - Jun 2024,"143,260 members"
284,Hibike! Euphonium 2,8.35,TV,13,Oct 2016 - Dec 2016,"260,288 members"
285,Jujutsu Kaisen 0 Movie,8.35,Movie,1,Dec 2021 - Dec 2021,"1,309,397 members"
286,Meitantei Conan Movie 26: Kurogane no Submarine,8.35,Movie,1,Apr 2023 - Apr 2023,"19,956 members"
287,Non Non Biyori Nonstop,8.35,TV,12,Jan 2021 - Mar 2021,"140,875 members"
288,Tunshi Xingkong 3rd Season,8.35,ONA,33,Sep 2022 - Apr 2023,"5,601 members"
289,Yahari Ore no Seishun Love Comedy wa Machigatteiru. Kan,8.35,TV,12,Jul 2020 - Sep 2020,"835,473 members"
290,Baccano!,8.34,TV,13,Jul 2007 - Nov 2007,"966,438 members"
291,Hellsing Ultimate,8.34,OVA,10,Feb 2006 - Dec 2012,"1,033,086 members"
292,IDOLiSH7 Third Beat! Part 2,8.34,TV,17,Oct 2022 - Feb 2023,"18,285 members"
293,Yofukashi no Uta Season 2,8.34,TV,12,Jul 2025 - Sep 2025,"264,702 members"
294,Bakuman. 2nd Season,8.33,TV,25,Oct 2011 - Mar 2012,"374,333 members"
295,Hyakuemu.,8.33,Movie,1,Sep 2025 - Sep 2025,"87,152 members"
296,Kimetsu no Yaiba: Mugen Ressha-hen,8.33,TV,7,Oct 2021 - Nov 2021,"1,006,065 members"
297,Kono Subarashii Sekai ni Shukufuku wo! 3,8.33,TV,11,Apr 2024 - Jun 2024,"571,003 members"
298,Re:Zero kara Hajimeru Isekai Seikatsu 2nd Season,8.33,TV,13,Jul 2020 - Sep 2020,"1,316,999 members"
299,Tensei shitara Slime Datta Ken 2nd Season,8.33,TV,12,Jan 2021 - Mar 2021,"1,140,660 members"
300,Bakemonogatari,8.32,TV,15,Jul 2009 - Jun 2010,"1,506,381 members"
301,Fate/stay night: Unlimited Blade Works 2nd Season,8.32,TV,13,Apr 2015 - Jun 2015,"932,186 members"
302,Ginga Eiyuu Densetsu: Die Neue These - Gekitotsu,8.32,Movie,12,Mar 2022 - May 2022,"26,952 members"
303,Ginga Eiyuu Densetsu: Die Neue These - Sakubou,8.32,Movie,12,Sep 2022 - Nov 2022,"19,499 members"
304,Hunter x Hunter: Original Video Animation,8.32,OVA,8,Jan 2002 - Apr 2002,"138,382 members"
305,Kidou Senshi Gundam: The Origin,8.32,OVA,6,Feb 2015 - May 2018,"85,755 members"
306,Kiseijuu: Sei no Kakuritsu,8.32,TV,24,Oct 2014 - Mar 2015,"2,064,416 members"
307,Major S6,8.32,TV,25,Apr 2010 - Sep 2010,"67,746 members"
308,Natsume Yuujinchou: Itsuka Yuki no Hi ni,8.32,OVA,1,Feb 2014 - Feb 2014,"87,585 members"
309,NHK ni Youkoso!,8.32,TV,24,Jul 2006 - Dec 2006,"853,292 members"
310,One Outs,8.32,TV,25,Oct 2008 - Apr 2009,"259,585 members"
311,Psycho-Pass,8.32,TV,22,Oct 2012 - Mar 2013,"1,765,560 members"
312,Romeo no Aoi Sora,8.32,TV,33,Jan 1995 - Dec 1995,"56,526 members"
313,Super no Ura de Yani Suu Futari,8.32,TV,12,Jul 2026 - Sep 2026,"230,675 members"
314,Tunshi Xingkong 4th Season,8.32,ONA,175,Oct 2023 -,"6,570 members"
315,Uchuu Senkan Yamato 2199,8.32,OVA,26,May 2012 - Oct 2013,"127,463 members"
316,Uma Musume: Pretty Derby Season 2,8.32,TV,13,Jan 2021 - Mar 2021,"118,301 members"
317,Bocchi the Rock! Movie,8.31,Movie,2,Jun 2024 - Aug 2024,"74,688 members"
318,Boku dake ga Inai Machi,8.31,TV,12,Jan 2016 - Mar 2016,"2,322,659 members"
319,Diamond no Ace: Second Season,8.31,TV,51,Apr 2015 - Mar 2016,"152,862 members"
320,Luo Xiaohei Zhanji (Movie),8.31,Movie,1,Sep 2019 - Sep 2019,"47,493 members"
321,Mononoke Movie 2: Hinezumi,8.31,Movie,1,Mar 2025 - Mar 2025,"24,320 members"
322,Mushoku Tensei: Isekai Ittara Honki Dasu,8.31,TV,11,Jan 2021 - Mar 2021,"1,620,692 members"
323,Natsume Yuujinchou Go Specials,8.31,Special,2,Mar 2017 - Apr 2017,"52,994 members"
324,Sasaki to Miyano Movie: Sotsugyou-hen,8.31,Movie,1,Feb 2023 - Feb 2023,"63,741 members"
325,Usagi Drop,8.31,TV,11,Jul 2011 - Sep 2011,"529,001 members"
326,Dr. Stone: New World Part 2,8.30,TV,11,Oct 2023 - Dec 2023,"451,962 members"
327,Initial D Final Stage,8.30,TV,4,May 2014 - Jun 2014,"170,135 members"
328,Kemono no Souja Erin,8.30,TV,50,Jan 2009 - Dec 2009,"95,372 members"
329,Kobayashi-san Chi no Maid Dragon: Samishigariya no Ryuu,8.30,Movie,1,Jun 2025 - Jun 2025,"64,989 members"
330,Meitantei Conan Movie 06: Baker Street no Bourei,8.30,Movie,1,Apr 2002 - Apr 2002,"86,445 members"
331,Mushen Ji,8.30,ONA,?,Oct 2024 -,"16,381 members"
332,Natsume Yuujinchou,8.30,TV,13,Jul 2008 - Sep 2008,"594,465 members"
333,Ookami to Koushinryou II,8.30,TV,12,Jul 2009 - Sep 2009,"524,745 members"
334,Shiguang Dailiren: Yingdu Pian,8.30,ONA,6,Dec 2024 - Jan 2025,"73,187 members"
335,Tanoshii Muumin Ikka,8.30,TV,78,Apr 1990 - Oct 1991,"34,035 members"
336,Beck,8.29,TV,26,Oct 2004 - Mar 2005,"382,185 members"
337,Evangelion Movie 2: Ha,8.29,Movie,1,Jun 2009 - Jun 2009,"601,713 members"
338,Katanagatari,8.29,TV,12,Jan 2010 - Dec 2010,"598,347 members"
339,Kuroko no Basket 3rd Season,8.29,TV,25,Jan 2015 - Jun 2015,"841,666 members"
340,Naruto: Shippuuden,8.29,TV,500,Feb 2007 - Mar 2017,"2,786,682 members"
341,Redline,8.29,Movie,1,Aug 2009 - Aug 2009,"433,104 members"
342,Sakamichi no Apollon,8.29,TV,12,Apr 2012 - Jun 2012,"419,636 members"
343,Steins;Gate: Oukoubakko no Poriomania,8.29,Special,1,Feb 2012 - Feb 2012,"480,434 members"
344,Tensei shitara Slime Datta Ken 2nd Season Part 2,8.29,TV,12,Jul 2021 - Sep 2021,"936,684 members"
345,Tokyo Godfathers,8.29,Movie,1,Nov 2003 - Nov 2003,"335,658 members"
346,Wu Shan Wu Xing: Xichuan Huan Zi Lin,8.29,ONA,4,Jul 2023 - Aug 2023,"20,008 members"
347,Yuukoku no Moriarty Part 2,8.29,TV,13,Apr 2021 - Jun 2021,"297,341 members"
348,Ano Hi Mita Hana no Namae wo Bokutachi wa Mada Shiranai.,8.28,TV,11,Apr 2011 - Jun 2011,"1,724,354 members"
349,Diamond no Ace: Act II,8.28,TV,52,Apr 2019 - Mar 2020,"103,927 members"
350,Ginga Eiyuu Densetsu: Die Neue These - Seiran 3,8.28,Movie,4,Nov 2019 - Nov 2019,"30,992 members"
351,Given,8.28,TV,11,Jul 2019 - Sep 2019,"647,030 members"
352,Kingdom 2nd Season,8.28,TV,39,Jun 2013 - Mar 2014,"153,685 members"
353,Kino no Tabi: The Beautiful World,8.28,TV,13,Apr 2003 - Jul 2003,"362,007 members"
354,Major: World Series,8.28,OVA,2,Dec 2011 - Jan 2012,"40,430 members"
355,Seishun Buta Yarou wa Randoseru Girl no Yume wo Minai,8.28,Movie,1,Dec 2023 - Dec 2023,"199,134 members"
356,Tunshi Xingkong 2nd Season,8.28,ONA,26,Dec 2021 - Sep 2022,"9,500 members"
357,Wu Liuqi: Jiyi Suipian,8.28,ONA,10,Oct 2024 - Nov 2024,"21,828 members"
358,Zombieland Saga Movie: Yumeginga Paradise,8.28,Movie,1,Oct 2025 - Oct 2025,"42,878 members"
359,Doukyuusei,8.27,Movie,1,Feb 2016 - Feb 2016,"300,696 members"
360,Gin no Saji 2nd Season,8.27,TV,11,Jan 2014 - Mar 2014,"156,349 members"
361,Haikyuu!! Movie 4: Concept no Tatakai,8.27,Movie,1,Sep 2017 - Sep 2017,"108,412 members"
362,Koukaku Kidoutai,8.27,Movie,1,Nov 1995 - Nov 1995,"719,116 members"
363,Rurouni Kenshin: Meiji Kenkaku Romantan,8.27,TV,94,Jan 1996 - Sep 1998,"528,725 members"
364,Seihantai na Kimi to Boku,8.27,TV,12,Jan 2026 - Mar 2026,"249,988 members"
365,Shen Yin Wangzuo 2nd Season,8.27,ONA,182,Nov 2022 - Apr 2026,"8,170 members"
366,Space☆Dandy 2nd Season,8.27,TV,13,Jul 2014 - Sep 2014,"184,448 members"
367,Steins;Gate: Kyoukaimenjou no Missing Link - Divide By Zero,8.27,TV Special,1,Dec 2015 - Dec 2015,"294,535 members"
368,Tenki no Ko,8.27,Movie,1,Jul 2019 - Jul 2019,"1,149,843 members"
369,Dororo,8.26,TV,24,Jan 2019 - Jun 2019,"1,398,115 members"
370,Doupo Cangqiong 4th Season,8.26,ONA,24,Mar 2021 - Aug 2021,"10,631 members"
371,Dr. Stone,8.26,TV,24,Jul 2019 - Dec 2019,"1,989,510 members"
372,Dr. Stone: Science Future,8.26,TV,12,Jan 2025 - Mar 2025,"331,365 members"
373,Dr. Stone: Science Future Part 3,8.26,TV,13,Apr 2026 - Jun 2026,"192,785 members"
374,Dungeon ni Deai wo Motomeru no wa Machigatteiru Darou ka IV: Shin Shou - Yakusai-hen,8.26,TV,11,Jan 2023 - Mar 2023,"303,363 members"
375,Fate/strange Fake,8.26,TV,13,Jan 2026 - Mar 2026,"189,653 members"
376,Fate/Zero,8.26,TV,13,Oct 2011 - Dec 2011,"1,618,565 members"
377,Gintama: Shinyaku Benizakura-hen,8.26,Special,1,Dec 2010 - Dec 2010,"48,224 members"
378,Hajime no Ippo: Mashiba vs. Kimura,8.26,OVA,1,Sep 2003 - Sep 2003,"130,285 members"
379,Hotarubi no Mori e,8.26,Movie,1,Sep 2011 - Sep 2011,"886,496 members"
380,Meitantei Conan: Episode One - Chiisaku Natta Meitantei,8.26,TV Special,1,Dec 2016 - Dec 2016,"34,898 members"
381,Shirobako,8.26,TV,24,Oct 2014 - Mar 2015,"474,101 members"
382,Tenkuu no Shiro Laputa,8.26,Movie,1,Aug 1986 - Aug 1986,"544,349 members"
383,Tsubasa: Tokyo Revelations,8.26,OVA,3,Nov 2007 - Mar 2008,"102,349 members"
384,Yi Nian Yong Heng 3rd Season,8.26,ONA,59,Jul 2024 - Jul 2025,"4,764 members"
385,Youjo Senki II,8.26,TV,12,Jul 2026 - Sep 2026,"262,276 members"
386,Yuru Camp△,8.26,TV,12,Jan 2018 - Mar 2018,"549,326 members"
387,Gyakkyou Burai Kaiji: Ultimate Survivor,8.25,TV,26,Oct 2007 - Apr 2008,"397,345 members"
388,Hajime no Ippo: Champion Road,8.25,TV Special,1,Apr 2003 - Apr 2003,"159,890 members"
389,Hunter x Hunter: Greed Island Final,8.25,OVA,14,Mar 2004 - Aug 2004,"158,524 members"
390,Koori no Jouheki,8.25,TV,14,Apr 2026 - Jul 2026,"148,565 members"
391,Kuroshitsuji Movie: Book of the Atlantic,8.25,Movie,1,Jan 2017 - Jan 2017,"229,342 members"
392,Nodame Cantabile,8.25,TV,23,Jan 2007 - Jun 2007,"334,606 members"
393,Re:Zero kara Hajimeru Isekai Seikatsu,8.25,TV,25,Apr 2016 - Sep 2016,"2,507,623 members"
394,Sennen Joyuu,8.25,Movie,1,Sep 2002 - Sep 2002,"214,691 members"
395,"Shangri-La Frontier: Kusoge Hunter, Kamige ni Idoman to su 2nd Season",8.25,TV,25,Oct 2024 - Mar 2025,"285,767 members"
396,Shoujo Kakumei Utena,8.25,TV,39,Apr 1997 - Dec 1997,"253,394 members"
397,Shoujo Shuumatsu Ryokou,8.25,TV,12,Oct 2017 - Dec 2017,"412,941 members"
398,Tonari no Totoro,8.25,Movie,1,Apr 1988 - Apr 1988,"1,178,675 members"
399,Wu Liuqi: Anying Suming,8.25,ONA,10,Jan 2023 - Mar 2023,"42,513 members"
400,BanG Dream! It's MyGO!!!!!,8.24,TV,13,Jun 2023 - Sep 2023,"44,588 members"
401,Golden Kamuy 2nd Season,8.24,TV,12,Oct 2018 - Dec 2018,"243,860 members"
402,Gyakkyou Burai Kaiji: Hakairoku-hen,8.24,TV,26,Apr 2011 - Sep 2011,"216,545 members"
403,IDOLiSH7 Third Beat!,8.24,TV,13,Jul 2021 - Sep 2021,"27,292 members"
404,Kage no Jitsuryokusha ni Naritakute! 2nd Season,8.24,TV,12,Oct 2023 - Dec 2023,"556,398 members"
405,Kamisama Hajimemashita◎,8.24,TV,12,Jan 2015 - Mar 2015,"479,001 members"
406,Kono Subarashii Sekai ni Shukufuku wo! 2,8.24,TV,10,Jan 2017 - Mar 2017,"1,674,900 members"
407,Majo no Takkyuubin,8.24,Movie,1,Jul 1989 - Jul 1989,"675,117 members"
408,Non Non Biyori Movie: Vacation,8.24,Movie,1,Aug 2018 - Aug 2018,"87,605 members"
409,Planetes,8.24,TV,26,Oct 2003 - Apr 2004,"285,221 members"
410,Shinsekai yori,8.24,TV,25,Sep 2012 - Mar 2013,"829,056 members"
411,Stranger: Mukou Hadan,8.24,Movie,1,Sep 2007 - Sep 2007,"357,679 members"
412,World Trigger 3rd Season,8.24,TV,14,Oct 2021 - Jan 2022,"143,994 members"
413,Kidou Senshi Gundam: Tekketsu no Orphans 2nd Season,8.23,TV,25,Oct 2016 - Apr 2017,"163,347 members"
414,Kono Sekai no Katasumi ni,8.23,Movie,1,Nov 2016 - Nov 2016,"211,908 members"
415,Liz to Aoi Tori,8.23,Movie,1,Apr 2018 - Apr 2018,"166,268 members"
416,Mahou Shoujo Madoka★Magica Movie 1: Hajimari no Monogatari,8.23,Movie,1,Oct 2012 - Oct 2012,"220,028 members"
417,Mimi wo Sumaseba,8.23,Movie,1,Jul 1995 - Jul 1995,"413,220 members"
418,Seishun Buta Yarou wa Bunny Girl Senpai no Yume wo Minai,8.23,TV,13,Oct 2018 - Dec 2018,"1,993,089 members"
419,Suzume no Tojimari,8.23,Movie,1,Nov 2022 - Nov 2022,"522,609 members"
420,Bakemono no Ko,8.22,Movie,1,Jul 2015 - Jul 2015,"460,256 members"
421,Cardcaptor Sakura Movie 2: Fuuin Sareta Card,8.22,Movie,1,Jul 2000 - Jul 2000,"124,985 members"
422,Danshi Koukousei no Nichijou,8.22,TV,12,Jan 2012 - Mar 2012,"895,433 members"
423,Jujutsu Kaisen: Kaigyoku/Gyokusetsu,8.22,Movie,1,May 2025 - May 2025,"67,621 members"
424,Kaguya-hime no Monogatari,8.22,Movie,1,Nov 2013 - Nov 2013,"265,607 members"
425,Maison Ikkoku,8.22,TV,96,Mar 1986 - Mar 1988,"84,536 members"
426,Major S3,8.22,TV,26,Jan 2007 - Jun 2007,"74,861 members"
427,Nodame Cantabile Finale,8.22,TV,11,Jan 2010 - Mar 2010,"134,103 members"
428,Stand By Me Doraemon 2,8.22,Movie,1,Nov 2020 - Nov 2020,"43,193 members"
429,Trigun,8.22,TV,26,Apr 1998 - Sep 1998,"844,629 members"
430,Youjo Senki Movie,8.22,Movie,1,Feb 2019 - Feb 2019,"346,658 members"
431,Berserk: Ougon Jidai-hen III - Kourin,8.21,Movie,1,Feb 2013 - Feb 2013,"249,765 members"
432,Boku no Hero Academia 6th Season,8.21,TV,25,Oct 2022 - Mar 2023,"848,275 members"
433,Dragon Ball Super: Broly,8.21,Movie,1,Dec 2018 - Dec 2018,"478,835 members"
434,Dragon Ball Z,8.21,TV,291,Apr 1989 - Jan 1996,"1,340,641 members"
435,Gachiakuta,8.21,TV,24,Jul 2025 - Dec 2025,"548,505 members"
436,Haikyuu!! Movie 3: Sainou to Sense,8.21,Movie,1,Sep 2017 - Sep 2017,"112,135 members"
437,Kage no Jitsuryokusha ni Naritakute!,8.21,TV,20,Oct 2022 - Feb 2023,"895,249 members"
438,Major S1,8.21,TV,26,Nov 2004 - May 2005,"108,935 members"
439,Ookami to Koushinryou,8.21,TV,13,Jan 2008 - Mar 2008,"878,946 members"
440,ReLIFE: Kanketsu-hen,8.21,Special,4,Mar 2018 - Mar 2018,"454,750 members"
441,Saiki Kusuo no Ψ-nan: Kanketsu-hen,8.21,TV Special,1,Dec 2018 - Dec 2018,"254,133 members"
442,Spy x Family Season 3,8.21,TV,13,Oct 2025 - Dec 2025,"375,438 members"
443,Fruits Basket 1st Season,8.20,TV,25,Apr 2019 - Sep 2019,"963,140 members"
444,Futsutsuka na Akujo dewa Gozaimasu ga: Suuguu Chouso Torikae Den,8.20,TV,11,Jul 2026 - Sep 2026,"75,511 members"
445,Girls & Panzer Movie,8.20,Movie,1,Nov 2015 - Nov 2015,"132,720 members"
446,Initial D Second Stage,8.20,TV,13,Oct 1999 - Jan 2000,"267,812 members"
447,InuYasha: Kanketsu-hen,8.20,TV,26,Oct 2009 - Mar 2010,"309,407 members"
448,Kuroko no Basket 2nd Season,8.20,TV,25,Oct 2013 - Mar 2014,"938,751 members"
449,Magi: The Kingdom of Magic,8.20,TV,25,Oct 2013 - Mar 2014,"906,229 members"
450,Meitantei Conan Movie 13: Shikkoku no Chaser,8.20,Movie,1,Apr 2009 - Apr 2009,"65,753 members"
451,Senki Zesshou Symphogear XV,8.20,TV,13,Jul 2019 - Sep 2019,"44,526 members"
452,SKET Dance,8.20,TV,77,Apr 2011 - Sep 2012,"240,681 members"
453,Tengoku Daimakyou,8.20,TV,13,Apr 2023 - Jun 2023,"648,336 members"
454,Wu Liuqi: Zui Qiang Fa Xing Shi,8.20,ONA,10,Oct 2019 - Jan 2020,"100,726 members"
455,xxxHOLiC◆Kei,8.20,TV,13,Apr 2008 - Jun 2008,"157,197 members"
456,Yahari Ore no Seishun Love Comedy wa Machigatteiru. Zoku,8.20,TV,13,Apr 2015 - Jun 2015,"1,178,071 members"
457,Asobi Asobase,8.19,TV,12,Jul 2018 - Sep 2018,"543,562 members"
458,Boku no Kokoro no Yabai Yatsu,8.19,TV,12,Apr 2023 - Jun 2023,"461,005 members"
459,Bungou Stray Dogs 3rd Season,8.19,TV,12,Apr 2019 - Jun 2019,"719,105 members"
460,Cang Yuan Tu 2,8.19,ONA,36,Dec 2024 - Aug 2025,"2,708 members"
461,Cardcaptor Sakura,8.19,TV,70,Apr 1998 - Mar 2000,"491,571 members"
462,Fangkai Nage Nuwu,8.19,ONA,8,Mar 2026 - Apr 2026,"36,627 members"
463,Girls & Panzer: Saishuushou Part 3,8.19,Movie,1,Mar 2021 - Mar 2021,"49,254 members"
464,Great Pretender,8.19,TV,23,Jul 2020 - Dec 2020,"759,254 members"
465,Hunter x Hunter: Greed Island,8.19,OVA,8,Feb 2003 - Apr 2003,"184,232 members"
466,K-On!!,8.19,TV,26,Apr 2010 - Sep 2010,"763,732 members"
467,Kaijuu 8-gou,8.19,TV,12,Apr 2024 - Jun 2024,"758,466 members"
468,Kobayashi-san Chi no Maid Dragon S,8.19,TV,12,Jul 2021 - Sep 2021,"620,275 members"
469,Made in Abyss Movie 1: Tabidachi no Yoake,8.19,Movie,1,Jan 2019 - Jan 2019,"166,187 members"
470,Mushoku Tensei II: Isekai Ittara Honki Dasu,8.19,TV,12,Jul 2023 - Sep 2023,"793,275 members"
471,One Piece: Episode of Merry - Mou Hitori no Nakama no Monogatari,8.19,TV Special,1,Aug 2013 - Aug 2013,"81,679 members"
472,Spy x Family Part 2,8.19,TV,13,Oct 2022 - Dec 2022,"1,160,222 members"
473,Vanitas no Karte Part 2,8.19,TV,12,Jan 2022 - Apr 2022,"353,056 members"
474,Yi Nian Yong Heng 2nd Season,8.19,ONA,54,Jul 2022 - Jul 2023,"9,903 members"
475,Yojouhan Time Machine Blues,8.19,ONA,6,Sep 2022 - Oct 2022,"66,546 members"
476,Ballroom e Youkoso,8.18,TV,24,Jul 2017 - Dec 2017,"366,545 members"
477,Black Lagoon: The Second Barrage,8.18,TV,12,Oct 2006 - Dec 2006,"581,787 members"
478,Digimon Adventure: Last Evolution Kizuna,8.18,Movie,1,Feb 2020 - Feb 2020,"63,833 members"
479,Fate/stay night: Unlimited Blade Works,8.18,TV,12,Oct 2014 - Dec 2014,"1,189,656 members"
480,Ganbare! Nakamura-kun!!,8.18,TV,13,Apr 2026 - Jun 2026,"67,304 members"
481,Ginga Eiyuu Densetsu: Die Neue These - Seiran 2,8.18,Movie,4,Oct 2019 - Oct 2019,"41,819 members"
482,Hachimitsu to Clover II,8.18,TV,12,Jun 2006 - Sep 2006,"125,189 members"
483,Horimiya,8.18,TV,13,Jan 2021 - Apr 2021,"1,683,353 members"
484,Initial D Fourth Stage,8.18,TV,24,Apr 2004 - Feb 2006,"218,497 members"
485,Little Busters! Refrain,8.18,TV,13,Oct 2013 - Dec 2013,"177,973 members"
486,Major S2,8.18,TV,26,Dec 2005 - Jun 2006,"77,110 members"
487,Major S4,8.18,TV,26,Jan 2008 - Jun 2008,"70,087 members"
488,Meitantei Conan,8.18,TV,?,Jan 1996 -,"381,569 members"
489,Meitantei Conan Movie 20: Junkoku no Nightmare,8.18,Movie,1,Apr 2016 - Apr 2016,"47,736 members"
490,Natsume Yuujinchou: Ishi Okoshi to Ayashiki Raihousha,8.18,Movie,1,Jan 2021 - Jan 2021,"54,246 members"
491,Nomad: Megalo Box 2,8.18,TV,13,Apr 2021 - Jun 2021,"232,668 members"
492,Non Non Biyori Repeat,8.18,TV,12,Jul 2015 - Sep 2015,"215,412 members"
493,Sasaki to Miyano,8.18,TV,12,Jan 2022 - Mar 2022,"243,989 members"
494,Tengen Toppa Gurren Lagann Movie 1: Gurren-hen,8.18,Movie,1,Sep 2008 - Sep 2008,"194,999 members"
495,Tensei shitara Slime Datta Ken 4th Season,8.18,TV,24,Apr 2026 - Sep 2026,"249,040 members"
496,Tsue to Tsurugi no Wistoria Season 2,8.18,TV,12,Apr 2026 - Jun 2026,"222,470 members"
497,xxxHOLiC Rou,8.18,OVA,2,Apr 2010 - Mar 2011,"86,926 members"
498,Yoru wa Mijikashi Arukeyo Otome,8.18,Movie,1,Apr 2017 - Apr 2017,"143,806 members"
499,Yubisaki to Renren,8.18,TV,12,Jan 2024 - Mar 2024,"362,070 members"
500,Aria the Natural,8.17,TV,26,Apr 2006 - Sep 2006,"86,967 members"
501,Bakuman.,8.17,TV,25,Oct 2010 - Apr 2011,"662,822 members"
502,Chihayafuru,8.17,TV,25,Oct 2011 - Mar 2012,"501,067 members"
503,"Kamisama Hajimemashita: Kamisama, Shiawase ni Naru",8.17,OVA,1,Dec 2016 - Dec 2016,"75,021 members"
504,Kidou Senshi Gundam: The Origin - Zenya Akai Suisei,8.17,TV,13,Apr 2019 - Aug 2019,"28,963 members"
505,Kuroshitsuji: Midori no Majo-hen,8.17,TV,13,Apr 2025 - Jun 2025,"78,101 members"
506,One Piece Movie 14: Stampede,8.17,Movie,1,Aug 2019 - Aug 2019,"225,407 members"
507,Quanzhi Gaoshou Specials,8.17,ONA,3,Apr 2018 - May 2018,"113,403 members"
508,Seishun Buta Yarou wa Santa Claus no Yume wo Minai,8.17,TV,13,Jul 2025 - Sep 2025,"230,579 members"
509,Tamayura: Sotsugyou Shashin Part 4 - Ashita,8.17,Movie,1,Apr 2016 - Apr 2016,"13,953 members"
510,Yuukoku no Moriarty,8.17,TV,11,Oct 2020 - Dec 2020,"517,696 members"
511,Akira,8.16,Movie,1,Jul 1988 - Jul 1988,"969,987 members"
512,Bungou Stray Dogs 2nd Season,8.16,TV,12,Oct 2016 - Dec 2016,"964,154 members"
513,Higurashi no Naku Koro ni Kai,8.16,TV,24,Jul 2007 - Dec 2007,"524,895 members"
514,Jigokuraku 2nd Season,8.16,TV,12,Jan 2026 - Mar 2026,"418,495 members"
515,Lupin III: Cagliostro no Shiro,8.16,Movie,1,Dec 1979 - Dec 1979,"139,918 members"
516,No Game No Life: Zero,8.16,Movie,1,Jul 2017 - Jul 2017,"959,574 members"
517,Ouran Koukou Host Club,8.16,TV,26,Apr 2006 - Sep 2006,"1,245,858 members"
518,Sono Bisque Doll wa Koi wo Suru Season 2,8.16,TV,12,Jul 2025 - Sep 2025,"508,464 members"
519,Yuusha-Ou GaoGaiGar Final,8.16,OVA,8,Jan 2000 - Mar 2003,"13,069 members"
520,Ao Ashi,8.15,TV,24,Apr 2022 - Sep 2022,"265,588 members"
521,Ao no Hako,8.15,TV,25,Oct 2024 - Mar 2025,"355,264 members"
522,Dr. Stone: Stone Wars,8.15,TV,11,Jan 2021 - Mar 2021,"1,226,222 members"
523,Princess Tutu,8.15,TV,38,Aug 2002 - May 2003,"187,815 members"
524,The Fable,8.15,TV,25,Apr 2024 - Sep 2024,"114,815 members"
525,Black Clover,8.14,TV,170,Oct 2017 - Mar 2021,"1,938,022 members"
526,Boku no Hero Academia 7th Season,8.14,TV,21,May 2024 - Oct 2024,"507,717 members"
527,Cang Yuan Tu,8.14,ONA,26,Jun 2023 - Dec 2023,"5,830 members"
528,Dr. Stone: New World,8.14,TV,11,Apr 2023 - Jun 2023,"626,637 members"
529,Fate/stay night Movie: Heaven's Feel - I. Presage Flower,8.14,Movie,1,Oct 2017 - Oct 2017,"525,028 members"
530,Fate/strange Fake: Whispers of Dawn,8.14,TV Special,1,Jul 2023 - Jul 2023,"128,597 members"
531,Golden Kamuy 4th Season,8.14,TV,13,Oct 2022 - Jun 2023,"126,574 members"
532,Kaiba,8.14,TV,12,Apr 2008 - Jul 2008,"184,248 members"
533,Kaze Tachinu,8.14,Movie,1,Jul 2013 - Jul 2013,"394,100 members"
534,Kimetsu no Yaiba: Katanakaji no Sato-hen,8.14,TV,11,Apr 2023 - Jun 2023,"1,148,084 members"
535,Kotarou wa Hitorigurashi,8.14,ONA,10,Mar 2022 - Mar 2022,"211,956 members"
536,Lupin III: Part 5,8.14,TV,24,Apr 2018 - Sep 2018,"49,525 members"
537,Lycoris Recoil,8.14,TV,13,Jul 2022 - Sep 2022,"608,545 members"
538,Major: Message,8.14,OVA,1,Dec 2010 - Dec 2010,"44,460 members"
539,Non Non Biyori Nonstop: Bukatsu wo Ganbatta,8.14,OVA,1,Mar 2022 - Mar 2022,"39,899 members"
540,Noragami Aragoto,8.14,TV,13,Oct 2015 - Dec 2015,"1,568,611 members"
541,Stand By Me Doraemon,8.14,Movie,1,Aug 2014 - Aug 2014,"64,884 members"
542,Toaru Kagaku no Railgun T,8.14,TV,25,Jan 2020 - Sep 2020,"269,308 members"
543,Death Parade,8.13,TV,12,Jan 2015 - Mar 2015,"1,938,523 members"
544,Eiga Daisuki Pompo-san,8.13,Movie,1,Jun 2021 - Jun 2021,"71,398 members"
545,Eizouken ni wa Te wo Dasu na!,8.13,TV,12,Jan 2020 - Mar 2020,"374,456 members"
546,Ginga Eiyuu Densetsu Gaiden,8.13,OVA,24,Feb 1998 - Sep 1998,"27,515 members"
547,Given: Uragawa no Sonzai,8.13,OVA,1,Dec 2021 - Dec 2021,"104,682 members"
548,Haikyuu!! Movie 1: Owari to Hajimari,8.13,Movie,1,Jul 2015 - Jul 2015,"128,337 members"
549,Hidamari Sketch: Sae Hiro Sotsugyou-hen,8.13,OVA,2,Nov 2013 - Nov 2013,"17,081 members"
550,Holo no Graffiti,8.13,ONA,?,May 2019 -,"58,655 members"
551,IDOLiSH7 Second Beat!,8.13,TV,15,Apr 2020 - Dec 2020,"36,674 members"
552,Interstella5555: The 5tory of The 5ecret 5tar 5ystem,8.13,Movie,1,Dec 2003 - Dec 2003,"83,804 members"
553,"Kamiina Botan, Yoeru Sugata wa Yuri no Hana",8.13,TV,12,Apr 2026 - Jun 2026,"62,161 members"
554,Kamisama Hajimemashita,8.13,TV,13,Oct 2012 - Dec 2012,"740,580 members"
555,Kono Subarashii Sekai ni Shukufuku wo! 3: Bonus Stage,8.13,OVA,2,Apr 2025 - Apr 2025,"88,332 members"
556,Kyoukai no Kanata Movie 2: I'll Be Here - Mirai-hen,8.13,Movie,1,Apr 2015 - Apr 2015,"295,712 members"
557,Mahou Shoujo Lyrical Nanoha: The Movie 2nd A's,8.13,Movie,1,Jul 2012 - Jul 2012,"27,545 members"
558,Nodame Cantabile: Paris-hen,8.13,TV,11,Oct 2008 - Dec 2008,"131,273 members"
559,Ookami to Koushinryou: Merchant Meets the Wise Wolf,8.13,TV,25,Apr 2024 - Sep 2024,"269,767 members"
560,Ore dake Level Up na Ken,8.13,TV,12,Jan 2024 - Mar 2024,"1,187,324 members"
561,Working!!! Lord of the Takanashi,8.13,Special,1,Mar 2016 - Mar 2016,"109,425 members"
562,Diamond no Ace,8.12,TV,75,Oct 2013 - Mar 2015,"270,386 members"
563,Fullmetal Alchemist,8.12,TV,51,Oct 2003 - Oct 2004,"1,571,518 members"
564,Gintama': Futon ni Haitte kara Buki Nokoshi ni Kizuite Neru ni Nerenai Toki mo Aru,8.12,Special,1,Apr 2015 - Apr 2015,"46,161 members"
565,Haikyuu!! Movie 2: Shousha to Haisha,8.12,Movie,1,Sep 2015 - Sep 2015,"114,790 members"
566,Horimiya: Piece,8.12,TV,13,Jul 2023 - Sep 2023,"480,061 members"
567,Initial D Fifth Stage,8.12,TV,14,Nov 2012 - May 2013,"175,603 members"
568,Katekyou Hitman Reborn!,8.12,TV,203,Oct 2006 - Sep 2010,"591,084 members"
569,Meitantei Conan Movie 05: Tengoku e no Countdown,8.12,Movie,1,Apr 2001 - Apr 2001,"70,958 members"
570,Mo Dao Zu Shi Q,8.12,ONA,30,Jul 2020 - Jan 2021,"28,313 members"
571,Nisemonogatari,8.12,TV,11,Jan 2012 - Mar 2012,"781,337 members"
572,Precure All Stars Movie F,8.12,Movie,1,Sep 2023 - Sep 2023,"4,925 members"
573,Seirei no Moribito,8.12,TV,26,Apr 2007 - Sep 2007,"238,166 members"
574,Shinigami Bocchan to Kuro Maid 3rd Season,8.12,TV,12,Apr 2024 - Jun 2024,"74,169 members"
575,Sono Bisque Doll wa Koi wo Suru,8.12,TV,12,Jan 2022 - Mar 2022,"1,369,295 members"
576,Tensei shitara Slime Datta Ken,8.12,TV,24,Oct 2018 - Mar 2019,"1,679,451 members"
577,Yuusha-kei ni Shosu: Choubatsu Yuusha 9004-tai Keimu Kiroku,8.12,TV,12,Jan 2026 - Mar 2026,"352,852 members"
578,Akatsuki no Yona OVA,8.11,OVA,3,Sep 2015 - Dec 2016,"147,813 members"
579,Dr. Stone: Ryuusui,8.11,TV Special,1,Jul 2022 - Jul 2022,"403,468 members"
580,Fumetsu no Anata e Season 2,8.11,TV,20,Oct 2022 - Mar 2023,"348,439 members"
581,Gankutsuou,8.11,TV,24,Oct 2004 - Mar 2005,"274,064 members"
582,Given Movie 1,8.11,Movie,1,Aug 2020 - Aug 2020,"268,171 members"
583,Hinamatsuri,8.11,TV,12,Apr 2018 - Jun 2018,"560,419 members"
584,JoJo no Kimyou na Bouken Part 3: Stardust Crusaders,8.11,TV,24,Apr 2014 - Sep 2014,"1,397,198 members"
585,Kuragehime,8.11,TV,11,Oct 2010 - Dec 2010,"268,205 members"
586,Meitantei Conan Movie 14: Tenkuu no Lost Ship,8.11,Movie,1,Apr 2010 - Apr 2010,"63,542 members"
587,Mirai Shounen Conan,8.11,TV,26,Apr 1978 - Oct 1978,"58,695 members"
588,Saiki Kusuo no Ψ-nan: Ψ-shidou-hen,8.11,ONA,6,Dec 2019 - Dec 2019,"254,263 members"
589,Saint Seiya: The Lost Canvas - Meiou Shinwa 2,8.11,OVA,13,Feb 2011 - Jul 2011,"81,789 members"
590,Shokugeki no Souma,8.11,TV,24,Apr 2015 - Sep 2015,"1,762,508 members"
591,Tsurune: Tsunagari no Issha,8.11,TV,13,Jan 2023 - Mar 2023,"70,186 members"
592,Chuunibyou demo Koi ga Shitai! Movie: Take On Me,8.10,Movie,1,Jan 2018 - Jan 2018,"307,893 members"
593,Enen no Shouboutai: San no Shou Part 2,8.10,TV,13,Jan 2026 - Apr 2026,"218,814 members"
594,Girls & Panzer: Saishuushou Part 2,8.10,Movie,1,Jun 2019 - Jun 2019,"47,150 members"
595,Kidou Senshi Gundam 00,8.10,TV,25,Oct 2007 - Mar 2008,"236,582 members"
596,Koukaku Kidoutai: Stand Alone Complex - Solid State Society,8.10,TV Special,1,Sep 2006 - Sep 2006,"109,455 members"
597,One Piece Film: Z,8.10,Movie,1,Dec 2012 - Dec 2012,"320,212 members"
598,One Piece: Episode of Nami - Koukaishi no Namida to Nakama no Kizuna,8.10,TV Special,1,Aug 2012 - Aug 2012,"77,116 members"
599,Serial Experiments Lain,8.10,TV,13,Jul 1998 - Sep 1998,"921,214 members"
600,"Shangri-La Frontier: Kusoge Hunter, Kamige ni Idoman to su",8.10,TV,25,Oct 2023 - Mar 2024,"489,896 members"
601,Shen Yin Wangzuo,8.10,ONA,26,Apr 2022 - Sep 2022,"11,484 members"
602,Silent Witch: Chinmoku no Majo no Kakushigoto,8.10,TV,13,Jul 2025 - Oct 2025,"238,247 members"
603,Skip to Loafer,8.10,TV,12,Apr 2023 - Jun 2023,"354,504 members"
604,Spy x Family Movie: Code: White,8.10,Movie,1,Dec 2023 - Dec 2023,"262,074 members"
605,Yuanshen: Jinzhong Ge,8.10,ONA,1,Apr 2024 - Apr 2024,"7,534 members"
606,Zhan Shen: Fanchen Shenyu,8.10,ONA,15,Jul 2024 - Oct 2024,"7,115 members"
607,Blue Lock,8.09,TV,24,Oct 2022 - Mar 2023,"927,410 members"
608,Boku no Hero Academia: More,8.09,TV Special,1,May 2026 - May 2026,"75,188 members"
609,Buddy Daddies,8.09,TV,12,Jan 2023 - Apr 2023,"366,809 members"
610,Gin no Saji,8.09,TV,11,Jul 2013 - Sep 2013,"316,715 members"
611,Gintama°: Umai-mono wa Atomawashi ni Suru to Yokodorisareru kara Yappari Saki ni Kue,8.09,Special,1,Nov 2015 - Nov 2015,"37,879 members"
612,Hajime no Ippo: Boxer no Kobushi,8.09,Special,1,Mar 2003 - Mar 2003,"64,026 members"
613,Kamisama Hajimemashita OVA,8.09,OVA,2,Aug 2013 - Aug 2013,"151,393 members"
614,Kidou Senshi Gundam Unicorn,8.09,OVA,7,Mar 2010 - Jun 2014,"108,778 members"
615,Kono Subarashii Sekai ni Shukufuku wo!,8.08,TV,10,Jan 2016 - Mar 2016,"2,180,709 members"
616,Kuroko no Basket: Saikou no Present desu,8.09,Special,1,Dec 2015 - Dec 2015,"119,485 members"
617,Mahoutsukai no Yome: Hoshi Matsu Hito,8.09,OVA,3,Sep 2016 - Sep 2017,"300,921 members"
618,Mairimashita! Iruma-kun 4th Season,8.09,TV,24,Apr 2026 - Sep 2026,"91,541 members"
619,Toki wo Kakeru Shoujo,8.09,Movie,1,Jul 2006 - Jul 2006,"846,569 members"
620,Azumanga Daiou The Animation,8.08,TV,26,Apr 2002 - Oct 2002,"437,252 members"
621,BanG Dream! Ave Mujica,8.08,TV,13,Jan 2025 - Mar 2025,"39,100 members"
622,City Hunter 2,8.08,TV,63,Apr 1988 - Jul 1989,"31,940 members"
623,City The Animation,8.08,TV,13,Jul 2025 - Sep 2025,"93,467 members"
624,Detroit Metal City,8.08,OVA,12,Aug 2008 - Oct 2008,"226,384 members"
625,Durarara!!,8.08,TV,24,Jan 2010 - Jun 2010,"1,504,340 members"
626,Guangyin Zhi Wai 2,8.08,ONA,52,Jun 2026 -,"1,126 members"
627,Hikaru no Go,8.08,TV,75,Oct 2001 - Mar 2003,"151,504 members"
628,Jigokuraku,8.08,TV,13,Apr 2023 - Jul 2023,"989,341 members"
629,Kimi no Koto ga Daidaidaidaidaisuki na 100-nin no Kanojo 3rd Season,8.08,TV,12,Jul 2026 - Sep 2026,"76,647 members"
630,Kimi wa Houkago Insomnia,8.08,TV,13,Apr 2023 - Jul 2023,"285,518 members"
631,Kuroko no Basket Movie 4: Last Game,8.08,Movie,1,Mar 2017 - Mar 2017,"354,888 members"
632,Kyou kara Ore wa!!,8.08,OVA,10,Apr 1993 - Dec 1997,"41,012 members"
633,Paripi Koumei,8.08,TV,12,Apr 2022 - Jun 2022,"334,289 members"
634,Persona 3 the Movie 4: Winter of Rebirth,8.08,Movie,1,Jan 2016 - Jan 2016,"87,310 members"
635,Tsubasa: Shunraiki,8.08,OVA,2,Mar 2009 - May 2009,"65,799 members"
636,Tsukimonogatari,8.08,TV Special,4,Dec 2014 - Dec 2014,"448,498 members"
637,Tu Bian Yingxiong X Concept Movie,8.08,ONA,1,Oct 2022 - Oct 2022,"3,738 members"
638,Uchouten Kazoku 2,8.08,TV,12,Apr 2017 - Jun 2017,"69,822 members"
639,Zankyou no Terror,8.08,TV,11,Jul 2014 - Sep 2014,"1,299,209 members"
640,Ansatsu Kyoushitsu,8.07,TV,22,Jan 2015 - Jun 2015,"2,245,633 members"
641,Baccano! Specials,8.07,Special,3,Feb 2008 - May 2008,"188,088 members"
642,Ginga Eiyuu Densetsu: Arata naru Tatakai no Overture,8.07,Movie,1,Dec 1993 - Dec 1993,"40,974 members"
643,Ginga Eiyuu Densetsu: Die Neue These - Seiran 1,8.07,Movie,4,Sep 2019 - Sep 2019,"34,505 members"
644,Gintama: Nanigoto mo Saisho ga Kanjin nanode Tashou Senobisuru Kurai ga Choudoyoi,8.07,Special,1,Sep 2005 - Sep 2005,"61,562 members"
645,Given Movie 2: Hiiragi Mix,8.07,Movie,1,Jan 2024 - Jan 2024,"52,917 members"
646,Jibaku Shounen Hanako-kun 2 Part 2,8.07,TV,12,Jul 2025 - Sep 2025,"61,714 members"
647,Kanata no Astra,8.07,TV,12,Jul 2019 - Sep 2019,"351,633 members"
648,Kidou Senshi Gundam 00 Second Season,8.07,TV,25,Oct 2008 - Mar 2009,"162,987 members"
649,Kidou Senshi Gundam: Tekketsu no Orphans,8.07,TV,25,Oct 2015 - Mar 2016,"277,541 members"
650,Kodomo no Omocha (TV),8.07,TV,102,Apr 1996 - Mar 1998,"80,094 members"
651,Make Heroine ga Oosugiru!,8.07,TV,12,Jul 2024 - Sep 2024,"350,326 members"
652,Saint Seiya: Meiou Hades Juuni Kyuu-hen,8.07,OVA,13,Nov 2002 - Jul 2003,"63,868 members"
653,Skip Beat!,8.07,TV,25,Oct 2008 - Mar 2009,"289,462 members"
654,Tunshi Xingkong,8.07,ONA,26,Nov 2020 - May 2021,"13,349 members"
655,Honzuki no Gekokujou: Shisho ni Naru Tame ni wa Shudan wo Erandeiraremasen 2nd Season,8.06,TV,12,Apr 2020 - Jun 2020,"264,378 members"
656,Honzuki no Gekokujou: Shisho ni Naru Tame ni wa Shudan wo Erandeiraremasen 3rd Season,8.06,TV,10,Apr 2022 - Jun 2022,"204,977 members"
657,Kidou Keisatsu Patlabor 2 the Movie,8.06,Movie,1,Aug 1993 - Aug 1993,"47,681 members"
658,Koukaku Kidoutai: Stand Alone Complex - The Laughing Man,8.06,OVA,1,Sep 2005 - Sep 2005,"45,073 members"
659,Kuroshitsuji: Book of Circus,8.06,TV,10,Jul 2014 - Sep 2014,"447,770 members"
660,Meitantei Conan Movie 08: Ginyoku no Magician,8.06,Movie,1,Apr 2004 - Apr 2004,"63,264 members"
661,Meitantei Conan Movie 18: Ijigen no Sniper,8.06,Movie,1,Apr 2014 - Apr 2014,"49,493 members"
662,NieR:Automata Ver1.1a Part 2,8.06,TV,12,Jul 2024 - Sep 2024,"114,911 members"
663,Overlord IV,8.06,TV,13,Jul 2022 - Sep 2022,"649,635 members"
664,Shoushimin Series 2nd Season,8.06,TV,12,Apr 2025 - Jun 2025,"58,876 members"
665,Angel Beats!,8.05,TV,13,Apr 2010 - Jun 2010,"2,220,943 members"
666,Dorohedoro,8.05,TV,12,Jan 2020 - Mar 2020,"661,693 members"
667,Durarara!!x2 Ketsu,8.05,TV,12,Jan 2016 - Mar 2016,"405,704 members"
668,Ginga Eiyuu Densetsu Gaiden (1999),8.05,OVA,28,Dec 1999 - Jul 2000,"23,160 members"
669,Gintama: Dai Hanseikai,8.05,Special,1,Mar 2010 - Mar 2010,"42,301 members"
670,Glass no Kamen (2005),8.05,TV,51,Apr 2005 - Mar 2006,"45,458 members"
671,JoJo no Kimyou na Bouken Part 6: Stone Ocean,8.05,ONA,12,Dec 2021 - Dec 2021,"633,314 members"
672,Karasu wa Aruji wo Erabanai,8.05,TV,20,Apr 2024 - Sep 2024,"64,184 members"
673,Koukyoushihen Eureka Seven,8.05,TV,50,Apr 2005 - Apr 2006,"464,020 members"
674,Mahoutsukai no Yome,8.05,TV,24,Oct 2017 - Mar 2018,"1,030,126 members"
675,Meitantei Conan Movie 25: Halloween no Hanayome,8.05,Movie,1,Apr 2022 - Apr 2022,"21,389 members"
676,Paprika,8.05,Movie,1,Nov 2006 - Nov 2006,"625,232 members"
677,Shokugeki no Souma: Ni no Sara,8.05,TV,13,Jul 2016 - Sep 2016,"1,216,440 members"
678,Spy x Family Season 2,8.05,TV,12,Oct 2023 - Dec 2023,"703,470 members"
679,Yowamushi Pedal: Grande Road,8.05,TV,24,Oct 2014 - Mar 2015,"151,868 members"
680,Akatsuki no Yona,8.04,TV,24,Oct 2014 - Mar 2015,"950,172 members"
681,Black Lagoon,8.04,TV,12,Apr 2006 - Jun 2006,"1,126,761 members"
682,Boku no Hero Academia 2nd Season,8.04,TV,25,Apr 2017 - Sep 2017,"2,764,658 members"
683,Darker than Black: Kuro no Keiyakusha,8.04,TV,25,Apr 2007 - Sep 2007,"1,015,677 members"
684,FLCL,8.04,OVA,6,Apr 2000 - Mar 2001,"908,133 members"
685,Golden Boy,8.04,OVA,6,Oct 1995 - Jun 1996,"468,405 members"
686,Gosick,8.04,TV,24,Jan 2011 - Jul 2011,"613,044 members"
687,Gridman Universe,8.04,Movie,1,Mar 2023 - Mar 2023,"42,925 members"
688,Hanada Shounen-shi,8.04,TV,25,Oct 2002 - Mar 2003,"19,036 members"
689,Hyouka,8.04,TV,22,Apr 2012 - Sep 2012,"1,494,886 members"
690,Kuroko no Basket,8.04,TV,25,Apr 2012 - Sep 2012,"1,329,047 members"
691,Kuroshitsuji: Book of Murder,8.04,OVA,2,Jan 2015 - Feb 2015,"275,511 members"
692,Meitantei Conan Movie 03: Seikimatsu no Majutsushi,8.04,Movie,1,Apr 1999 - Apr 1999,"73,295 members"
693,Omoide no Marnie,8.04,Movie,1,Jul 2014 - Jul 2014,"339,139 members"
694,Quanzhi Gaoshou: Dianfeng Rongyao,8.04,Movie,1,Aug 2019 - Aug 2019,"57,469 members"
695,World Trigger 2nd Season,8.04,TV,12,Jan 2021 - Apr 2021,"178,710 members"
696,Yuru Camp△ Season 3,8.04,TV,12,Apr 2024 - Jun 2024,"106,326 members"
697,Black Lagoon: Roberta's Blood Trail,8.03,OVA,5,Jun 2010 - Jun 2011,"335,860 members"
698,Diamond no Ace: Act II Second Season,8.03,TV,13,Apr 2026 - Jun 2026,"23,454 members"
699,Douluo Dalu II: Jueshi Tangmen,8.03,ONA,182,Jun 2023 -,"7,575 members"
700,Fate/stay night: Unlimited Blade Works Prologue,8.03,TV Special,1,Oct 2014 - Oct 2014,"353,239 members"
701,Fujimoto Tatsuki 17-26,8.03,ONA,8,Nov 2025 - Nov 2025,"98,997 members"
702,Ginga Nagareboshi Gin,8.03,TV,21,Apr 1986 - Sep 1986,"30,401 members"
703,Hibike! Euphonium,8.03,TV,13,Apr 2015 - Jul 2015,"518,033 members"
704,Hyouge Mono,8.03,TV,39,Apr 2011 - Jan 2012,"32,502 members"
705,JoJo no Kimyou na Bouken Part 6: Stone Ocean Part 2,8.03,ONA,12,Sep 2022 - Sep 2022,"373,726 members"
706,Kidou Senshi Gundam 0080: Pocket no Naka no Sensou,8.03,OVA,6,Mar 1989 - Aug 1989,"71,854 members"
707,Kill la Kill,8.03,TV,24,Oct 2013 - Mar 2014,"1,867,156 members"
708,Lovely★Complex,8.03,TV,24,Apr 2007 - Sep 2007,"667,136 members"
709,Meitantei Conan Movie 04: Hitomi no Naka no Ansatsusha,8.03,Movie,1,Apr 2000 - Apr 2000,"69,721 members"
710,Meitantei Conan Movie 10: Tantei-tachi no Requiem,8.03,Movie,1,Apr 2006 - Apr 2006,"62,900 members"
711,Mononoke Movie 1: Karakasa,8.03,Movie,1,Jul 2024 - Jul 2024,"53,854 members"
712,No Game No Life,8.03,TV,12,Apr 2014 - Jun 2014,"2,580,789 members"
713,Omae Umasou da na,8.03,Movie,1,Oct 2010 - Oct 2010,"23,178 members"
714,One Piece Film: Strong World,8.03,Movie,1,Dec 2009 - Dec 2009,"281,983 members"
715,Ore dake Level Up na Ken: ReAwakening,8.03,Movie,1,Nov 2024 - Nov 2024,"54,041 members"
716,Sakura-sou no Pet na Kanojo,8.03,TV,24,Oct 2012 - Mar 2013,"1,336,017 members"
717,Shadows House 2nd Season,8.03,TV,12,Jul 2022 - Sep 2022,"142,990 members"
718,Shijou Saikyou no Deshi Kenichi,8.03,TV,50,Oct 2006 - Sep 2007,"327,143 members"
719,Shingeki no Kyojin Movie 2: Jiyuu no Tsubasa,8.03,Movie,1,Jun 2015 - Jun 2015,"160,814 members"
720,Toradora!,8.03,TV,25,Oct 2008 - Mar 2009,"2,391,973 members"
721,xxxHOLiC Shunmuki,8.03,OVA,2,Feb 2009 - Jun 2009,"76,836 members"
722,Youkoso Jitsuryoku Shijou Shugi no Kyoushitsu e 2nd Season,8.03,TV,13,Jul 2022 - Sep 2022,"828,294 members"
723,BanG Dream! Movie: Episode of Roselia - II: Song I Am.,8.02,Movie,1,Jun 2021 - Jun 2021,"13,056 members"
724,Dennou Coil,8.02,TV,26,May 2007 - Dec 2007,"161,425 members"
725,Full Metal Panic? Fumoffu,8.02,TV,12,Aug 2003 - Nov 2003,"314,267 members"
726,Hikaru ga Shinda Natsu,8.02,TV,12,Jul 2025 - Sep 2025,"326,557 members"
727,Mairimashita! Iruma-kun 2nd Season,8.02,TV,21,Apr 2021 - Sep 2021,"383,582 members"
728,Naruto,8.02,TV,220,Oct 2002 - Feb 2007,"3,157,421 members"
729,Pui Pui Molcar,8.02,TV,12,Jan 2021 - Mar 2021,"19,794 members"
730,Slayers Next,8.02,TV,26,Apr 1996 - Sep 1996,"76,588 members"
731,Yahari Ore no Seishun Love Comedy wa Machigatteiru. Zoku OVA,8.02,OVA,1,Oct 2016 - Oct 2016,"278,063 members"
732,Apocalypse Hotel,8.01,TV,12,Apr 2025 - Jun 2025,"82,933 members"
733,Fanren Xiu Xian Zhuan 2nd Season,8.01,ONA,51,Nov 2021 - Oct 2022,"5,651 members"
734,Haibane Renmei,8.01,TV,13,Oct 2002 - Dec 2002,"346,125 members"
735,Juuni Kokuki,8.01,TV,45,Apr 2002 - Aug 2003,"176,638 members"
736,Karakai Jouzu no Takagi-san 2,8.01,TV,12,Jul 2019 - Sep 2019,"365,700 members"
737,Kimi ni Todoke,8.01,TV,25,Oct 2009 - Mar 2010,"1,089,992 members"
738,Kono Subarashii Sekai ni Shukufuku wo! 2: Kono Subarashii Geijutsu ni Shukufuku wo!,8.01,OVA,1,Jul 2017 - Jul 2017,"412,964 members"
739,Touch,8.01,TV,101,Mar 1985 - Mar 1987,"40,413 members"
740,"Toumei na Yoru ni Kakeru Kimi to, Me ni Mienai Koi wo Shita.",8.01,TV,12,Jul 2026 - Sep 2026,"80,096 members"
741,Tsuki ga Kirei,8.01,TV,12,Apr 2017 - Jun 2017,"604,407 members"
742,Wan Sheng Jie 2,8.01,ONA,12,Oct 2020 - Dec 2020,"15,921 members"
743,"Watashi ga Koibito ni Nareru Wake Nai jan, Muri Muri! (※Muri ja Nakatta!?) (TV Special)",8.01,TV Special,5,Jan 2026 - Jan 2026,"38,514 members"
744,Yuuki Yuuna wa Yuusha de Aru: Washio Sumi no Shou 3 - Yakusoku,8.01,Movie,1,Jul 2017 - Jul 2017,"16,699 members"
745,5-toubun no Hanayome ∬,8.00,TV,12,Jan 2021 - Mar 2021,"835,385 members"
746,Aria the Benedizione,8.00,Movie,1,Dec 2021 - Dec 2021,"12,249 members"
747,Aria the OVA: Arietta,8.00,OVA,1,Sep 2007 - Sep 2007,"42,507 members"
748,Baby Steps 2nd Season,8.00,TV,25,Apr 2015 - Sep 2015,"96,649 members"
749,BanG Dream! 3rd Season,8.00,TV,13,Jan 2020 - Apr 2020,"44,751 members"
750,Bleach,8.00,TV,366,Oct 2004 - Mar 2012,"2,248,234 members"
751,D.Gray-man,8.00,TV,103,Oct 2006 - Sep 2008,"737,107 members"
752,Fullmetal Alchemist: Brotherhood Specials,8.00,Special,4,Aug 2009 - Aug 2010,"170,809 members"
753,Kara no Kyoukai Movie 3: Tsuukaku Zanryuu,8.00,Movie,1,Feb 2008 - Feb 2008,"245,157 members"
754,Kidou Senshi Gundam: Dai 08 MS Shoutai,8.00,OVA,12,Jan 1996 - Jul 1999,"95,733 members"
755,Kimetsu no Yaiba: Hashira Geiko-hen,8.00,TV,8,May 2024 - Jun 2024,"809,877 members"
756,Magi: The Labyrinth of Magic,8.00,TV,25,Oct 2012 - Mar 2013,"1,133,511 members"
757,Meitantei Conan Movie 15: Chinmoku no Quarter,8.00,Movie,1,Apr 2011 - Apr 2011,"54,241 members"
758,"Natsu e no Tunnel, Sayonara no Deguchi",8.00,Movie,1,Sep 2022 - Sep 2022,"270,432 members"
759,Saint Seiya: The Lost Canvas - Meiou Shinwa,8.00,OVA,13,Jun 2009 - Apr 2010,"117,664 members"
760,Summer Wars,8.00,Movie,1,Aug 2009 - Aug 2009,"555,419 members"
761,Toaru Kagaku no Railgun S,8.00,TV,24,Apr 2013 - Sep 2013,"416,907 members"
762,Tokyo Magnitude 8.0,8.00,TV,11,Jul 2009 - Sep 2009,"316,533 members"
763,Tonikaku Kawaii: SNS,8.00,OVA,1,Aug 2021 - Aug 2021,"184,140 members"
764,Tunshi Xingkong Movie: Xueluo Dalu,8.00,ONA,1,Dec 2024 - Dec 2024,"2,359 members"
765,Wan Sheng Jie 3,8.00,ONA,12,Jan 2022 - Apr 2022,"11,043 members"
766,Yahari Ore no Seishun Love Comedy wa Machigatteiru.,8.00,TV,13,Apr 2013 - Jun 2013,"1,589,762 members"
767,Ao no Exorcist: Yosuga-hen,7.99,TV,12,Jan 2025 - Mar 2025,"92,437 members"
768,Cheng He Titong,7.99,ONA,24,Jun 2024 - Oct 2024,"17,824 members"
769,Clannad,7.99,TV,23,Oct 2007 - Mar 2008,"1,527,715 members"
770,Evangelion Movie 1: Jo,7.99,Movie,1,Sep 2007 - Sep 2007,"626,746 members"
771,Saiunkoku Monogatari 2nd Season,7.99,TV,39,Apr 2007 - Mar 2008,"45,652 members"
772,Shingeki no Kyojin Season 2 Movie: Kakusei no Houkou,7.99,Movie,1,Jan 2018 - Jan 2018,"86,756 members"
773,SK∞,7.99,TV,12,Jan 2021 - Apr 2021,"641,560 members"
774,Tsumiki no Ie,7.99,Movie,1,Jun 2008 - Jun 2008,"102,135 members"
775,Vampire Hunter D (2000),7.99,Movie,1,Aug 2000 - Aug 2000,"254,121 members"
776,Yuri!!! on Ice: Yuri Plisetsky GPF in Barcelona EX - Welcome to The Madness,7.99,Special,1,May 2017 - May 2017,"93,154 members"
777,Boku no Hero Academia 3rd Season,7.98,TV,25,Apr 2018 - Sep 2018,"2,411,788 members"
778,Dragon Ball,7.98,TV,153,Feb 1986 - Apr 1989,"1,153,857 members"
779,ef: A Tale of Melodies.,7.98,TV,12,Oct 2008 - Dec 2008,"171,550 members"
780,Fanren Xiu Xian Zhuan: Mulan Zhi Zhan,7.98,ONA,52,Jun 2026 -,"1,717 members"
781,Girls Band Cry Movie,7.98,Movie,2,Oct 2025 - Nov 2025,"9,746 members"
782,Hachimitsu to Clover,7.98,TV,24,Apr 2005 - Sep 2005,"287,667 members"
783,Kaichou wa Maid-sama!,7.98,TV,26,Apr 2010 - Sep 2010,"1,353,755 members"
784,Kara no Kyoukai Movie: Mirai Fukuin,7.98,Movie,1,Sep 2013 - Sep 2013,"127,416 members"
785,Mignon,7.98,ONA,12,Aug 2023 - Aug 2023,"39,833 members"
786,Ruri no Houseki,7.98,TV,13,Jul 2025 - Sep 2025,"95,950 members"
787,Takarajima,7.98,TV,26,Oct 1978 - Apr 1979,"25,461 members"
788,Uma Musume: Pretty Derby - Road to the Top (Movie),7.98,Movie,1,May 2024 - May 2024,"23,308 members"
789,Wolf's Rain OVA,7.98,OVA,4,Jan 2004 - Feb 2004,"77,906 members"
790,Yi Nian Yong Heng,7.98,ONA,52,Aug 2020 - Jul 2021,"24,225 members"
791,Zombieland Saga Revenge,7.98,TV,12,Apr 2021 - Jun 2021,"241,093 members"
792,Aishang Ta de Liyou Extra,7.97,ONA,1,Feb 2024 - Feb 2024,"11,038 members"
793,Akagami no Shirayuki-hime 2nd Season,7.97,TV,12,Jan 2016 - Mar 2016,"393,995 members"
794,Bishoujo Senshi Sailor Moon: Sailor Stars,7.97,TV,34,Mar 1996 - Feb 1997,"123,673 members"
795,Black Clover: Mahou Tei no Ken,7.97,Movie,1,Jun 2023 - Jun 2023,"277,147 members"
796,Bungou Stray Dogs Wan!,7.97,TV,12,Jan 2021 - Mar 2021,"137,528 members"
797,Code Geass: Hangyaku no Lelouch III - Oudou,7.97,Movie,1,May 2018 - May 2018,"105,971 members"
798,Densetsu Kyojin Ideon: Hatsudou-hen,7.97,Movie,1,Jul 1982 - Jul 1982,"13,507 members"
799,Durarara!!x2 Shou,7.97,TV,12,Jan 2015 - Mar 2015,"517,388 members"
800,Eve no Jikan,7.97,ONA,6,Aug 2008 - Sep 2009,"197,505 members"
801,Gake no Ue no Ponyo,7.97,Movie,1,Jul 2008 - Jul 2008,"665,213 members"
802,Girls & Panzer: Saishuushou Part 1,7.97,Movie,1,Dec 2017 - Dec 2017,"60,026 members"
803,Jian Lai 2nd Season,7.97,ONA,27,Dec 2025 - Apr 2026,"1,500 members"
804,Kami nomi zo Shiru Sekai: Megami-hen,7.97,TV,12,Jul 2013 - Sep 2013,"369,689 members"
805,Kidou Senshi Gundam Thunderbolt: December Sky,7.97,Movie,1,Jun 2016 - Jun 2016,"29,363 members"
806,Kimi ni Todoke 2nd Season,7.97,TV,12,Jan 2011 - Mar 2011,"565,867 members"
807,Kindaichi Shounen no Jikenbo,7.97,TV,148,Apr 1997 - Sep 2000,"37,019 members"
808,Kizumonogatari: Koyomi Vamp,7.97,Movie,1,Jan 2024 - Jan 2024,"23,465 members"
809,Koukaku Kidoutai: Stand Alone Complex 2nd GIG - Individual Eleven,7.97,OVA,1,Jan 2006 - Jan 2006,"33,199 members"
810,Kurenai no Buta,7.97,Movie,1,Jul 1992 - Jul 1992,"293,044 members"
811,School Rumble Ni Gakki,7.97,TV,26,Apr 2006 - Sep 2006,"173,413 members"
812,Shokugeki no Souma: San no Sara,7.97,TV,12,Oct 2017 - Dec 2017,"1,050,450 members"
813,xxxHOLiC,7.97,TV,24,Apr 2006 - Sep 2006,"352,915 members"
814,Crayon Shin-chan Movie 09: Arashi wo Yobu Mouretsu! Otona Teikoku no Gyakushuu,7.96,Movie,1,Apr 2001 - Apr 2001,"13,789 members"
815,Durarara!!x2 Ten,7.96,TV,12,Jul 2015 - Sep 2015,"424,137 members"
816,Hidamari Sketch x Honeycomb,7.96,TV,12,Oct 2012 - Dec 2012,"28,032 members"
817,Hokuto no Ken,7.96,TV,109,Oct 1984 - Mar 1987,"145,089 members"
818,Honzuki no Gekokujou: Shisho ni Naru Tame ni wa Shudan wo Erandeiraremasen,7.96,TV,14,Oct 2019 - Dec 2019,"383,984 members"
819,IDOLiSH7 Vibrato,7.96,ONA,8,Feb 2018 - Mar 2019,"18,161 members"
820,Kakushigoto,7.96,TV,12,Apr 2020 - Jun 2020,"357,172 members"
821,Kidou Senshi Gundam Thunderbolt,7.96,ONA,4,Dec 2015 - Apr 2016,"65,746 members"
822,"Komi-san wa, Comyushou desu. 2nd Season",7.96,TV,12,Apr 2022 - Jun 2022,"567,850 members"
823,Koukaku Kidoutai 2.0,7.96,Movie,1,Jul 2008 - Jul 2008,"95,034 members"
824,Mahou Shoujo Lyrical Nanoha A's,7.96,TV,13,Oct 2005 - Dec 2005,"70,281 members"
825,Ookiku Furikabutte: Natsu no Taikai-hen,7.96,TV,13,Apr 2010 - Jun 2010,"47,944 members"
826,Ranma ½ (2024),7.96,TV,12,Oct 2024 - Dec 2024,"178,868 members"
827,ReLIFE,7.96,TV,13,Jul 2016 - Sep 2016,"1,155,689 members"
828,Rurouni Kenshin: Meiji Kenkaku Romantan - Seisou-hen,7.96,OVA,2,Dec 2001 - Mar 2002,"90,290 members"
829,Shen Yin Wangzuo Movie: Yi Lai Ke Si Chuanqi,7.96,ONA,1,Apr 2025 - Apr 2025,"1,660 members"
830,Wan Sheng Jie,7.96,ONA,12,Apr 2020 - May 2020,"33,743 members"
831,Youjo Senki,7.96,TV,12,Jan 2017 - Mar 2017,"1,072,808 members"
832,Aikatsu! 10th Story: Mirai e no Starway (2023),7.95,Movie,1,Jan 2023 - Jan 2023,"3,179 members"
833,Aria the Origination: Sono Choppiri Himitsu no Basho ni...,7.95,Special,1,Jun 2008 - Jun 2008,"23,981 members"
834,BanG Dream! Film Live 2nd Stage,7.95,Movie,1,Aug 2021 - Aug 2021,"10,098 members"
835,Eve no Jikan (Movie),7.95,Movie,1,Mar 2010 - Mar 2010,"131,778 members"
836,Fanren Xiu Xian Zhuan: Xinghai Feichi Prologue,7.95,ONA,4,Jul 2023 - Aug 2023,"15,095 members"
837,Full Moon wo Sagashite,7.95,TV,52,Apr 2002 - Mar 2003,"118,997 members"
838,Ginga Sengoku Gunyuuden Rai,7.95,TV,52,Apr 1994 - Mar 1995,"18,237 members"
839,High Score Girl: Extra Stage,7.95,OVA,3,Mar 2019 - Mar 2019,"83,070 members"
840,Jibaku Shounen Hanako-kun 2,7.95,TV,12,Jan 2025 - Mar 2025,"107,534 members"
841,Les Misérables: Shoujo Cosette,7.95,TV,52,Jan 2007 - Dec 2007,"34,997 members"
842,Macross F Movie 2: Sayonara no Tsubasa,7.95,Movie,1,Feb 2011 - Feb 2011,"30,129 members"
843,Macross: Do You Remember Love?,7.95,Movie,1,Jul 1984 - Jul 1984,"54,876 members"
844,Major Movie: Yuujou no Winning Shot,7.95,Movie,1,Dec 2008 - Dec 2008,"22,463 members"
845,Maoujou de Oyasumi,7.95,TV,12,Oct 2020 - Dec 2020,"254,665 members"
846,Sayonara Lara,7.95,TV,12,Jul 2026 - Sep 2026,"53,230 members"
847,Tennis no Oujisama: Zenkoku Taikai-hen - Final,7.95,OVA,7,Apr 2008 - Jan 2009,"39,419 members"
848,5-toubun no Hanayome∽,7.94,TV Special,2,Sep 2023 - Sep 2023,"103,876 members"
849,Akane-banashi,7.94,TV,12,Apr 2026 - Jun 2026,"76,405 members"
850,Douluo Dalu,7.94,ONA,26,Jan 2018 - Jul 2018,"34,985 members"
851,Fate/Grand Order: Zettai Majuu Sensen Babylonia,7.94,TV,21,Oct 2019 - Mar 2020,"317,646 members"
852,High Score Girl II,7.94,TV,9,Oct 2019 - Dec 2019,"153,122 members"
853,Kanon (2006),7.94,TV,24,Oct 2006 - Mar 2007,"294,734 members"
854,Kobato.,7.94,TV,24,Oct 2009 - Mar 2010,"178,852 members"
855,Kono Oto Tomare!,7.94,TV,13,Apr 2019 - Jun 2019,"357,171 members"
856,Non Non Biyori,7.94,TV,12,Oct 2013 - Dec 2013,"459,329 members"
857,Noragami,7.94,TV,12,Jan 2014 - Mar 2014,"2,337,944 members"
858,Rising Impact Season 2,7.94,ONA,14,Aug 2024 - Aug 2024,"16,163 members"
859,Sword Art Online: Progressive Movie - Hoshi Naki Yoru no Aria,7.94,Movie,1,Oct 2021 - Oct 2021,"291,209 members"
860,Tekkon Kinkreet,7.94,Movie,1,Dec 2006 - Dec 2006,"125,914 members"
861,Working!!!,7.94,TV,13,Jul 2015 - Sep 2015,"265,799 members"
862,Wotaku ni Koi wa Muzukashii OVA,7.94,OVA,3,Mar 2019 - Oct 2021,"237,835 members"
863,Yofukashi no Uta,7.94,TV,13,Jul 2022 - Sep 2022,"801,088 members"
864,You Shou Yan 3rd Season,7.94,ONA,12,May 2024 - Jul 2024,"1,208 members"
865,"Clannad: Mou Hitotsu no Sekai, Tomoyo-hen",7.93,Special,1,Jul 2008 - Jul 2008,"322,514 members"
866,Fate/kaleid liner Prisma☆Illya Movie: Sekka no Chikai,7.93,Movie,1,Aug 2017 - Aug 2017,"106,576 members"
867,Hug tto! Precure,7.93,TV,49,Feb 2018 - Jan 2019,"32,080 members"
868,Ie Naki Ko,7.93,TV,51,Oct 1977 - Oct 1978,"19,971 members"
869,Nagi no Asu kara,7.93,TV,26,Oct 2013 - Apr 2014,"642,423 members"
870,Sakasama no Patema,7.93,Movie,1,Nov 2013 - Nov 2013,"325,510 members"
871,Touhai Densetsu Akagi: Yami ni Maiorita Tensai,7.93,TV,26,Oct 2005 - Mar 2006,"115,518 members"
872,xxxHOLiC Movie: Manatsu no Yoru no Yume,7.93,Movie,1,Aug 2005 - Aug 2005,"71,853 members"
873,Zhu Xian 2nd Season,7.93,ONA,26,Mar 2024 - Aug 2024,"3,641 members"
874,Zhu Xian 3rd Season,7.93,ONA,26,Jun 2025 - Oct 2025,"1,730 members"
875,Benghuai: Xing Qiong Tiedao - Gelamo de Yujin,7.92,ONA,1,Jun 2024 - Jun 2024,"3,628 members"
876,Berserk: Ougon Jidai-hen - Memorial Edition,7.92,TV,13,Oct 2022 - Dec 2022,"55,982 members"
877,Bishoujo Senshi Sailor Moon S,7.92,TV,38,Mar 1994 - Feb 1995,"160,327 members"
878,Boku no Hero Academia the Movie 2: Heroes:Rising,7.92,Movie,1,Dec 2019 - Dec 2019,"641,089 members"
879,Dead Dead Demons Dededede Destruction (ONA),7.92,ONA,17,May 2024 - Sep 2024,"71,808 members"
880,Ginga Tokkyuu Milky☆Subway,7.92,TV,12,Jul 2025 - Sep 2025,"22,530 members"
881,Gochuumon wa Usagi desu ka? Bloom,7.92,TV,12,Oct 2020 - Dec 2020,"73,566 members"
882,Heartcatch Precure!,7.92,TV,49,Feb 2010 - Jan 2011,"37,761 members"
883,Hidamari Sketch x ☆☆☆,7.92,TV,12,Jan 2010 - Mar 2010,"31,362 members"
884,Hikaru no Go: Hokuto Hai e no Michi,7.92,Special,1,Jan 2004 - Jan 2004,"26,273 members"
885,Ie Naki Ko Remy,7.92,TV,23,Sep 1996 - Mar 1997,"24,184 members"
886,Initial D Third Stage,7.92,Movie,1,Jan 2001 - Jan 2001,"211,017 members"
887,Kidou Senshi Zeta Gundam,7.92,TV,50,Mar 1985 - Feb 1986,"89,758 members"
888,Love Live! The School Idol Movie,7.92,Movie,1,Jun 2015 - Jun 2015,"139,722 members"
889,Mahoutsukai no Yome Season 2 Part 2,7.92,TV,12,Oct 2023 - Dec 2023,"128,456 members"
890,Mawaru Penguindrum,7.92,TV,24,Jul 2011 - Dec 2011,"322,694 members"
891,My Melody & Kuromi,7.92,ONA,12,Jul 2025 - Jul 2025,"7,773 members"
892,Nurarihyon no Mago: Sennen Makyou,7.92,TV,24,Jul 2011 - Dec 2011,"173,856 members"
893,Osomatsu-san,7.92,TV,25,Oct 2015 - Mar 2016,"182,490 members"
894,Plastic Memories,7.92,TV,13,Apr 2015 - Jun 2015,"1,043,738 members"
895,Shokugeki no Souma: San no Sara - Tootsuki Ressha-hen,7.92,TV,12,Apr 2018 - Jun 2018,"781,471 members"
896,Summer Ghost,7.92,Movie,1,Nov 2021 - Nov 2021,"156,972 members"
897,Wu Dong Qian Kun 6th Season,7.92,ONA,12,Nov 2025 - Dec 2025,"1,689 members"
898,Yowamushi Pedal,7.92,TV,38,Oct 2013 - Jul 2014,"249,391 members"
899,BanG Dream! Movie: Poppin' Dream!,7.91,Movie,1,Jan 2022 - Jan 2022,"13,868 members"
900,Bungou Stray Dogs: Dead Apple,7.91,Movie,1,Mar 2018 - Mar 2018,"319,221 members"
901,City Hunter,7.91,TV,51,Apr 1987 - Mar 1988,"92,965 members"
902,Code Geass: Fukkatsu no Lelouch,7.91,Movie,1,Feb 2019 - Feb 2019,"349,297 members"
903,Eyeshield 21,7.91,TV,145,Apr 2005 - Mar 2008,"197,419 members"
904,Full Metal Panic! The Second Raid,7.91,TV,13,Jul 2005 - Oct 2005,"275,355 members"
905,Hanamonogatari,7.91,TV Special,5,Aug 2014 - Aug 2014,"459,037 members"
906,Kaleido Star,7.91,TV,51,Apr 2003 - Mar 2004,"93,487 members"
907,Kimi to Boku. 2,7.91,TV,13,Apr 2012 - Jun 2012,"95,087 members"
908,Kuuchuu Buranko,7.91,TV,11,Oct 2009 - Dec 2009,"103,983 members"
909,Love Live! Superstar!!,7.91,TV,12,Jul 2021 - Oct 2021,"79,751 members"
910,Love Live! Superstar!! 3rd Season,7.90,TV,12,Oct 2024 - Dec 2024,"22,932 members"
911,Meitantei Conan Movie 27: 100-man Dollar no Michishirube,7.91,Movie,1,Apr 2024 - Apr 2024,"14,818 members"
912,Nekomonogatari: Kuro,7.91,TV Special,4,Dec 2012 - Dec 2012,"595,139 members"
913,Ojamajo Doremi Na-i-sho,7.91,OVA,13,Jun 2004 - Dec 2004,"13,409 members"
914,One Piece Film: Strong World Episode 0,7.91,OVA,1,Apr 2010 - Apr 2010,"93,307 members"
915,Phantom: Requiem for the Phantom,7.91,TV,26,Apr 2009 - Sep 2009,"360,228 members"
916,Tamako Love Story,7.91,Movie,1,Apr 2014 - Apr 2014,"434,080 members"
917,Usagi Drop Specials,7.91,Special,4,Oct 2011 - Jan 2012,"75,485 members"
918,Wotaku ni Koi wa Muzukashii,7.91,TV,11,Apr 2018 - Jun 2018,"1,118,465 members"
919,Xingchen Bian 6th Season,7.91,ONA,28,Jan 2025 - Jul 2025,"1,740 members"
920,Yakitate!! Japan,7.91,TV,69,Oct 2004 - Mar 2006,"105,952 members"
921,Youkoso Jitsuryoku Shijou Shugi no Kyoushitsu e 3rd Season,7.91,TV,13,Jan 2024 - Mar 2024,"558,853 members"
922,Yuru Yuri San☆Hai!,7.91,TV,12,Oct 2015 - Dec 2015,"134,523 members"
923,Akage no Anne,7.90,TV,50,Jan 1979 - Dec 1979,"53,047 members"
924,Atarashii Joushi wa Do Tennen,7.90,TV,12,Oct 2023 - Dec 2023,"75,063 members"
925,Chiikawa Movie: Ningyo no Shima no Himitsu,7.90,Movie,1,Jul 2026 - Jul 2026,"3,459 members"
926,Cike Wu Liuqi,7.90,ONA,10,Apr 2018 - Jun 2018,"144,141 members"
927,Date A Live II: Kurumi Star Festival,7.90,OVA,1,Dec 2014 - Dec 2014,"202,870 members"
928,Doraemon (1979),7.90,TV,1787,Apr 1979 - Mar 2005,"73,228 members"
929,Ergo Proxy,7.90,TV,23,Feb 2006 - Aug 2006,"727,583 members"
930,Gakuen Babysitters,7.90,TV,12,Jan 2018 - Mar 2018,"384,853 members"
931,Hanma Baki: Son of Ogre 2nd Season,7.90,ONA,27,Jul 2023 - Aug 2023,"122,263 members"
932,I Byeol-e Pil-yohan,7.90,ONA,1,May 2025 - May 2025,"21,140 members"
933,IDOLiSH7 Movie: LIVE 4bit - BEYOND THE PERiOD,7.90,Movie,2,May 2023 - May 2023,"4,606 members"
934,Karigurashi no Arrietty,7.90,Movie,1,Jul 2010 - Jul 2010,"400,039 members"
935,Kobayashi-san Chi no Maid Dragon,7.90,TV,13,Jan 2017 - Apr 2017,"1,343,572 members"
936,Kokoro Connect: Michi Random,7.90,Special,4,Nov 2012 - Dec 2012,"276,141 members"
937,Lupin III (2015),7.90,TV,24,Oct 2015 - Mar 2016,"78,752 members"
938,Niehime to Kemono no Ou,7.90,TV,24,Apr 2023 - Sep 2023,"104,421 members"
939,Oniisama e...,7.90,TV,39,Jul 1991 - May 1992,"57,976 members"
940,Overlord III,7.90,TV,13,Jul 2018 - Oct 2018,"1,025,217 members"
941,Sakamoto Days Part 2,7.90,TV,11,Jul 2025 - Sep 2025,"273,583 members"
942,Shingeki no Kyojin OVA,7.90,OVA,3,Dec 2013 - Aug 2014,"513,092 members"
943,Trigun: Badlands Rumble,7.90,Movie,1,Apr 2010 - Apr 2010,"155,714 members"
944,Vanitas no Karte,7.90,TV,12,Jul 2021 - Sep 2021,"642,875 members"
945,You Shou Yan 4th Season,7.90,ONA,12,Aug 2024 - Oct 2024,"1,171 members"
946,Yuri!!! on Ice,7.90,TV,12,Oct 2016 - Dec 2016,"963,392 members"
947,Darker than Black: Kuro no Keiyakusha Gaiden,7.89,Special,4,Jan 2010 - Jul 2010,"271,556 members"
948,Doupo Cangqiong 3rd Season,7.89,ONA,12,Jul 2019 - Sep 2019,"11,845 members"
949,Dungeon ni Deai wo Motomeru no wa Machigatteiru Darou ka V: Houjou no Megami-hen,7.89,TV,15,Oct 2024 - Mar 2025,"229,224 members"
950,Final Fantasy VII: Advent Children Complete,7.89,OVA,1,Apr 2009 - Apr 2009,"139,099 members"
951,Golden Kamuy,7.89,TV,12,Apr 2018 - Jun 2018,"468,252 members"
952,Hanasaku Iroha,7.89,TV,26,Apr 2011 - Sep 2011,"349,541 members"
953,Hoozuki no Reitetsu 2nd Season,7.89,TV,13,Oct 2017 - Dec 2017,"51,742 members"
954,Koukaku Kidoutai (TV),7.89,TV,10,Jul 2026 - Sep 2026,"93,154 members"
955,Log Horizon,7.89,TV,25,Oct 2013 - Mar 2014,"1,192,839 members"
956,Macross,7.89,TV,36,Oct 1982 - Jun 1983,"126,271 members"
957,Meitantei Conan OVA 09: 10-nengo no Stranger,7.89,OVA,1,Jun 2009 - Jun 2009,"22,809 members"
958,One Piece: Gyojin Tou-hen,7.89,TV,21,Nov 2024 - Mar 2025,"41,445 members"
959,Ore Monogatari!!,7.89,TV,24,Apr 2015 - Sep 2015,"743,881 members"
960,Overlord,7.89,TV,13,Jul 2015 - Sep 2015,"1,779,348 members"
961,Paradise Kiss,7.89,TV,12,Oct 2005 - Dec 2005,"265,916 members"
962,Rock wa Lady no Tashinami deshite,7.89,TV,13,Apr 2025 - Jun 2025,"87,174 members"
963,Romantic Killer,7.89,ONA,12,Oct 2022 - Oct 2022,"304,296 members"
964,Shingeki no Kyojin Movie 1: Guren no Yumiya,7.89,Movie,1,Nov 2014 - Nov 2014,"148,817 members"
965,Shirokuma Cafe,7.89,TV,50,Apr 2012 - Mar 2013,"103,438 members"
966,Space☆Dandy,7.89,TV,13,Jan 2014 - Mar 2014,"395,671 members"
967,Tamayura: Sotsugyou Shashin Part 3 - Akogare,7.89,Movie,1,Nov 2015 - Nov 2015,"12,123 members"
968,Tate no Yuusha no Nariagari,7.89,TV,25,Jan 2019 - Jun 2019,"1,789,598 members"
969,Wu Dong Qian Kun 5th Season,7.89,ONA,12,Jan 2025 - Jan 2025,"2,630 members"
970,Ze Tian Ji (2026),7.89,ONA,26,Jan 2026 - Jul 2026,"1,901 members"
971,Zoku Sayonara Zetsubou Sensei,7.89,TV,13,Jan 2008 - Mar 2008,"141,324 members"
972,Aria the Avvenire,7.88,Special,3,Sep 2015 - Sep 2015,"31,956 members"
973,Code Geass: Hangyaku no Lelouch I - Koudou,7.88,Movie,1,Oct 2017 - Oct 2017,"115,706 members"
974,Drifters,7.88,TV,12,Oct 2016 - Dec 2016,"625,004 members"
975,Free! Eternal Summer: Kindan no All Hard!,7.88,Special,1,Mar 2015 - Mar 2015,"99,269 members"
976,Go! Princess Precure,7.88,TV,50,Feb 2015 - Jan 2016,"35,235 members"
977,InuYasha,7.88,TV,167,Oct 2000 - Sep 2004,"870,246 members"
978,Jian Lai,7.88,ONA,26,Aug 2024 - Dec 2024,"3,104 members"
979,Jormungand: Perfect Order,7.88,TV,12,Oct 2012 - Dec 2012,"211,099 members"
980,Kidou Senshi Gundam: Suisei no Majo Season 2,7.88,TV,12,Apr 2023 - Jul 2023,"111,865 members"
981,Lupin the IIIrd: Chikemuri no Ishikawa Goemon,7.88,Movie,1,Feb 2017 - Feb 2017,"46,706 members"
982,Macross F,7.88,TV,25,Apr 2008 - Sep 2008,"157,100 members"
983,Meitantei Conan Movie 02: 14-banme no Target,7.88,Movie,1,Apr 1998 - Apr 1998,"71,006 members"
984,New Initial D Movie: Legend 3 - Mugen,7.88,Movie,1,Feb 2016 - Feb 2016,"32,819 members"
985,Osomatsu-san Movie,7.88,Movie,1,Mar 2019 - Mar 2019,"17,335 members"
986,Promare,7.88,Movie,1,May 2019 - May 2019,"307,015 members"
987,Quanzhi Gaoshou 2,7.88,ONA,12,Sep 2020 - Dec 2020,"131,180 members"
988,Sakigake!! Cromartie Koukou,7.88,TV,26,Oct 2003 - Mar 2004,"157,001 members"
989,School Rumble,7.88,TV,26,Oct 2004 - Mar 2005,"347,429 members"
990,Shijou Saikyou no Deshi Kenichi OVA,7.88,OVA,11,Mar 2012 - May 2014,"62,893 members"
991,SKET Dance: Imouto no Nayami ni Nayamu Ani ni Nayamu Imouto to Sono Nakama-tachi,7.88,OVA,1,Feb 2013 - Feb 2013,"23,826 members"
992,Tennis no Oujisama: Zenkoku Taikai-hen,7.88,OVA,13,Mar 2006 - Mar 2007,"49,925 members"
993,Urusei Yatsura 2: Beautiful Dreamer,7.88,Movie,1,Feb 1984 - Feb 1984,"25,044 members"
994,Ushio to Tora (TV) 2nd Season,7.88,TV,13,Apr 2016 - Jun 2016,"141,688 members"
995,Yagate Kimi ni Naru,7.88,TV,13,Oct 2018 - Dec 2018,"389,997 members"
996,Yuusha-Ou GaoGaiGar,7.88,TV,49,Feb 1997 - Jan 1998,"25,674 members"
997,Zetsuen no Tempest,7.88,TV,24,Oct 2012 - Mar 2013,"629,609 members"
998,Berserk: Ougon Jidai-hen II - Doldrey Kouryaku,7.87,Movie,1,Jun 2012 - Jun 2012,"235,596 members"
999,Carnival Phantasm,7.87,OVA,12,Aug 2011 - Dec 2011,"212,902 members"
1000,Death Billiards,7.87,Movie,1,Mar 2013 - Mar 2013,"254,233 members"
1001,Free! Movie 5: The Final Stroke - Kouhen,7.87,Movie,1,Apr 2022 - Apr 2022,"48,925 members"
1002,Hibike! Euphonium Movie 2: Todoketai Melody,7.87,Movie,1,Sep 2017 - Sep 2017,"37,257 members"
1003,Higurashi no Naku Koro ni,7.87,TV,26,Apr 2006 - Sep 2006,"866,471 members"
1004,Hoozuki no Reitetsu 2nd Season: Sono Ni,7.87,TV,13,Apr 2018 - Jul 2018,"32,418 members"
1005,Jigoku Shoujo Futakomori,7.87,TV,26,Oct 2006 - Apr 2007,"172,832 members"
1006,JoJo no Kimyou na Bouken (TV),7.87,TV,26,Oct 2012 - Apr 2013,"1,892,894 members"
1007,K-On!,7.87,TV,13,Apr 2009 - Jun 2009,"1,143,049 members"
1008,Kidou Senshi Gundam: Suisei no Majo - Prologue,7.87,Special,1,Jul 2022 - Jul 2022,"56,931 members"
1009,Kimi no Koto ga Daidaidaidaidaisuki na 100-nin no Kanojo 2nd Season,7.87,TV,12,Jan 2025 - Mar 2025,"191,680 members"
1010,Liang Bu Yi 2nd Season,7.87,ONA,24,Oct 2022 - Apr 2023,"7,357 members"
1011,Magic Kaito 1412,7.87,TV,24,Oct 2014 - Mar 2015,"136,851 members"
1012,Mahou Shoujo Lyrical Nanoha: The Movie 1st,7.87,Movie,1,Jan 2010 - Jan 2010,"34,632 members"
1013,Megalo Box,7.87,TV,13,Apr 2018 - Jun 2018,"551,561 members"
1014,Meitantei Conan Movie 01: Tokei Jikake no Matenrou,7.87,Movie,1,Apr 1997 - Apr 1997,"80,090 members"
1015,Meitantei Conan Movie 23: Konjou no Fist,7.87,Movie,1,Apr 2019 - Apr 2019,"34,994 members"
1016,New Panty & Stocking with Garterbelt,7.87,TV,13,Jul 2025 - Sep 2025,"91,732 members"
1017,Ookiku Furikabutte,7.87,TV,25,Apr 2007 - Sep 2007,"107,172 members"
1018,Tennis no Oujisama: Zenkoku Taikai-hen - Semifinal,7.87,OVA,6,Jun 2007 - Jan 2008,"40,812 members"
1019,Terra e... (TV),7.87,TV,24,Apr 2007 - Sep 2007,"67,329 members"
1020,Yuanshen: Weixing Zhi Lu,7.87,ONA,1,May 2024 - May 2024,"4,568 members"
1021,Yuzuki-san Chi no Yonkyoudai.,7.87,TV,12,Oct 2023 - Dec 2023,"76,033 members"
1022,Anne Shirley,7.86,TV,24,Apr 2025 - Sep 2025,"56,745 members"
1023,Boku no Hero Academia 4th Season,7.86,TV,25,Oct 2019 - Apr 2020,"1,935,799 members"
1024,Capeta,7.86,TV,52,Oct 2005 - Sep 2006,"42,545 members"
1025,ef: A Tale of Memories.,7.86,TV,12,Oct 2007 - Dec 2007,"271,633 members"
1026,K-On!!: Keikaku!,7.86,Special,1,Mar 2011 - Mar 2011,"137,453 members"
1027,Kami nomi zo Shiru Sekai II,7.86,TV,12,Apr 2011 - Jun 2011,"411,929 members"
1028,Kingdom,7.86,TV,38,Jun 2012 - Feb 2013,"267,147 members"
1029,Kuroshitsuji: Kishuku Gakkou-hen,7.86,TV,11,Apr 2024 - Jun 2024,"114,528 members"
1030,Machikado Mazoku: 2-choume,7.86,TV,12,Apr 2022 - Jul 2022,"78,291 members"
1031,Meitantei Conan Movie 22: Zero no Shikkounin,7.86,Movie,1,Apr 2018 - Apr 2018,"36,386 members"
1032,Musekinin Kanchou Tylor,7.86,TV,26,Jan 1993 - Jul 1993,"55,733 members"
1033,Non Non Biyori Repeat: Hotaru ga Tanoshinda,7.86,OVA,1,Sep 2016 - Sep 2016,"54,330 members"
1034,One Piece Film: Gold,7.86,Movie,1,Jul 2016 - Jul 2016,"255,339 members"
1035,Ookami to Koushinryou II: Ookami to Kohakuiro no Yuuutsu,7.86,OVA,1,Apr 2009 - Apr 2009,"183,425 members"
1036,Saiunkoku Monogatari,7.86,TV,39,Apr 2006 - Feb 2007,"106,093 members"
1037,Sonny Boy,7.86,TV,12,Jul 2021 - Oct 2021,"393,306 members"
1038,Soul Eater,7.86,TV,51,Apr 2008 - Mar 2009,"1,794,803 members"
1039,Tsue to Tsurugi no Wistoria,7.86,TV,12,Jul 2024 - Sep 2024,"421,638 members"
1040,Yume-iro Pâtissière,7.86,TV,50,Oct 2009 - Sep 2010,"92,483 members"
1041,Zan Sayonara Zetsubou Sensei,7.86,TV,13,Jul 2009 - Sep 2009,"114,667 members"
1042,Akachan to Boku,7.85,TV,35,Jul 1996 - Mar 1997,"38,051 members"
1043,Bishoujo Senshi Sailor Moon Cosmos Movie,7.85,Movie,2,Jun 2023 - Jun 2023,"29,183 members"
1044,Cool Doji Danshi,7.85,TV,24,Oct 2022 - Mar 2023,"116,140 members"
1045,Hidamari Sketch x 365,7.85,TV,13,Jul 2008 - Sep 2008,"47,373 members"
1046,High☆Speed! Movie: Free! Starting Days,7.85,Movie,1,Dec 2015 - Dec 2015,"100,718 members"
1047,K-On!: Live House!,7.85,Special,1,Jan 2010 - Jan 2010,"174,699 members"
1048,Kaleido Star: Legend of Phoenix - Layla Hamilton Monogatari,7.85,OVA,1,Dec 2005 - Dec 2005,"15,664 members"
1049,Kotonoha no Niwa,7.85,Movie,1,May 2013 - May 2013,"942,269 members"
1050,Lupin III vs. Meitantei Conan: The Movie,7.85,Movie,1,Dec 2013 - Dec 2013,"37,233 members"
1051,Otonari no Tenshi-sama ni Itsunomanika Dame Ningen ni Sareteita Ken,7.85,TV,12,Jan 2023 - Mar 2023,"470,660 members"
1052,Quanzhi Gaoshou,7.85,ONA,12,Apr 2017 - Jun 2017,"397,009 members"
1053,Shingeki no Kyojin: Chronicle,7.85,Movie,1,Jul 2020 - Jul 2020,"100,897 members"
1054,Tennis no Oujisama,7.85,TV,178,Oct 2001 - Mar 2005,"199,230 members"
1055,Top wo Nerae! Gunbuster,7.85,OVA,6,Oct 1988 - Jul 1989,"147,008 members"
1056,Urusei Yatsura (2022) 2nd Season,7.85,TV,23,Jan 2024 - Jun 2024,"59,349 members"
1057,Wanmei Shijie,7.85,ONA,338,Apr 2021 -,"14,767 members"
1058,Wu Dong Qian Kun 3rd Season,7.85,ONA,12,May 2022 - Jul 2022,"5,717 members"
1059,Wu Shan Wu Xing (2020),7.85,ONA,3,Jul 2020 - Aug 2020,"74,534 members"
1060,Yuru Yuri Nachuyachumi!,7.85,OVA,1,Feb 2015 - Feb 2015,"79,672 members"
1061,Beelzebub,7.84,TV,60,Jan 2011 - Mar 2012,"636,597 members"
1062,Carole & Tuesday,7.84,TV,24,Apr 2019 - Oct 2019,"354,980 members"
1063,Dark Gathering,7.84,TV,25,Jul 2023 - Dec 2023,"193,146 members"
1064,Dragon Ball Z Special 2: Zetsubou e no Hankou!! Nokosareta Chousenshi - Gohan to Trunks,7.84,TV Special,1,Feb 1993 - Feb 1993,"136,742 members"
1065,Giant Robo the Animation: Chikyuu ga Seishi Suru Hi,7.84,OVA,7,Jul 1992 - Jan 1998,"31,549 members"
1066,Ginga Eiyuu Densetsu: Waga Yuku wa Hoshi no Taikai,7.84,Movie,1,Feb 1988 - Feb 1988,"46,384 members"
1067,Haikyuu!! Riku vs. Kuu,7.84,OVA,2,Jan 2020 - Jan 2020,"353,236 members"
1068,Hanasaku Iroha Movie: Home Sweet Home,7.84,Movie,1,Mar 2013 - Mar 2013,"98,932 members"
1069,Kidou Senshi Gundam: Suisei no Majo,7.84,TV,12,Oct 2022 - Jan 2023,"190,700 members"
1070,Kuroko no Basket Movie 3: Winter Cup - Tobira no Mukou,7.84,Movie,1,Dec 2016 - Dec 2016,"62,605 members"
1071,Madogiwa no Totto-chan,7.84,Movie,1,Dec 2023 - Dec 2023,"5,931 members"
1072,Mairimashita! Iruma-kun 3rd Season,7.84,TV,21,Oct 2022 - Mar 2023,"257,829 members"
1073,Natsume Yuujinchou Shichi: Nobashita Te wa,7.84,Special,1,Apr 2025 - Apr 2025,"12,947 members"
1074,Noragami Aragoto OVA,7.84,OVA,2,Nov 2015 - Mar 2016,"274,263 members"
1075,One Piece: Episode of East Blue - Luffy to 4-nin no Nakama no Daibouken,7.84,TV Special,1,Aug 2017 - Aug 2017,"48,617 members"
1076,Owarimonogatari 2nd Season Recaps,7.84,TV Special,2,Aug 2017 - Aug 2017,"28,845 members"
1077,Sayonara Zetsubou Sensei,7.84,TV,12,Jul 2007 - Sep 2007,"369,696 members"
1078,Seitokai Yakuindomo* OVA,7.84,OVA,10,May 2014 - Sep 2020,"86,539 members"
1079,Sekaiichi Hatsukoi OVA,7.84,OVA,2,Mar 2011 - Sep 2011,"74,942 members"
1080,Star☆Twinkle Precure: Hoshi no Uta ni Omoi wo Komete,7.84,Movie,1,Oct 2019 - Oct 2019,"5,231 members"
1081,Tonikaku Kawaii,7.84,TV,12,Oct 2020 - Dec 2020,"854,410 members"
1082,Tsuki ga Michibiku Isekai Douchuu 2nd Season,7.84,TV,25,Jan 2024 - Jun 2024,"345,970 members"
1083,Turn A Gundam,7.84,TV,50,Apr 1999 - Apr 2000,"56,753 members"
1084,Undead Girl Murder Farce,7.84,TV,13,Jul 2023 - Sep 2023,"189,090 members"
1085,Wu Dong Qian Kun 4th Season,7.84,ONA,12,Nov 2023 - Dec 2023,"3,243 members"
1086,Yuuki Yuuna wa Yuusha de Aru: Washio Sumi no Shou 2 - Tamashii,7.84,Movie,1,Apr 2017 - Apr 2017,"15,882 members"
1087,Ano Hi Mita Hana no Namae wo Bokutachi wa Mada Shiranai. Movie,7.83,Movie,1,Aug 2013 - Aug 2013,"316,643 members"
1088,Arknights: Rise from Ember,7.83,TV,10,Jul 2025 - Sep 2025,"38,939 members"
1089,Durarara!! Specials,7.83,Special,2,Aug 2010 - Feb 2011,"174,863 members"
1090,Hoozuki no Reitetsu OVA,7.83,OVA,4,Feb 2015 - Mar 2017,"19,453 members"
1091,Magi: Sinbad no Bouken (TV),7.83,TV,13,Apr 2016 - Jul 2016,"522,985 members"
1092,Michiko to Hatchin,7.83,TV,22,Oct 2008 - Mar 2009,"226,045 members"
1093,New Initial D Movie: Legend 2 - Tousou,7.83,Movie,1,May 2015 - May 2015,"48,759 members"
1094,One Piece 3D2Y: Ace no Shi wo Koete! Luffy Nakama to no Chikai,7.83,TV Special,1,Aug 2014 - Aug 2014,"103,933 members"
1095,Oomuro-ke: Dear Sisters,7.83,Movie,1,Feb 2024 - Feb 2024,"19,638 members"
1096,Pokemon XY&Z,7.83,TV,47,Oct 2015 - Oct 2016,"168,795 members"
1097,Seihou Bukyou Outlaw Star,7.83,TV,24,Jan 1998 - Jun 1998,"173,020 members"
1098,Sekaiichi Hatsukoi Movie: Yokozawa Takafumi no Baai,7.83,Movie,1,Mar 2014 - Mar 2014,"72,883 members"
1099,Shingeki no Kyojin: Lost Girls,7.83,OVA,3,Dec 2017 - Aug 2018,"342,231 members"
1100,SK∞ OVA: Extra Part,7.83,OVA,1,Mar 2025 - Mar 2025,"51,775 members"
1101,Tamayura: Sotsugyou Shashin Part 2 - Hibiki,7.83,Movie,1,Aug 2015 - Aug 2015,"12,510 members"
1102,Tiger & Bunny,7.83,TV,25,Apr 2011 - Sep 2011,"239,766 members"
1103,Tteotda Keunyeo!!,7.83,ONA,5,Apr 2003 - Dec 2008,"25,702 members"
1104,Uma Musume: Pretty Derby - Road to the Top,7.83,ONA,4,Apr 2023 - May 2023,"49,459 members"
1105,Wan Sheng Jie 4,7.83,ONA,12,Jul 2023 - Jul 2023,"19,375 members"
1106,Yomi no Tsugai,7.83,TV,24,Apr 2026 - Sep 2026,"239,699 members"
1107,Youkoso Jitsuryoku Shijou Shugi no Kyoushitsu e 4th Season: 2-nensei-hen 1 Gakki,7.83,TV,16,Apr 2026 - Jun 2026,"258,978 members"
1108,5-toubun no Hanayome Movie,7.82,Movie,1,May 2022 - May 2022,"335,185 members"
1109,91 Days,7.82,TV,12,Jul 2016 - Oct 2016,"803,158 members"
1110,Aishang Ta de Liyou,7.82,ONA,22,Apr 2023 - Jun 2023,"57,458 members"
1111,Aoki Hagane no Arpeggio: Ars Nova Movie 2 - Cadenza,7.82,Movie,1,Oct 2015 - Oct 2015,"45,449 members"
1112,Boku no Hero Academia,7.82,TV,13,Apr 2016 - Jun 2016,"3,349,128 members"
1113,Break Blade Movie 4: Sanka no Chi,7.82,Movie,1,Oct 2010 - Oct 2010,"71,558 members"
1114,City Hunter 3,7.82,TV,13,Oct 1989 - Jan 1990,"37,376 members"
1115,Crayon Shin-chan,7.82,TV,?,Apr 1992 -,"95,463 members"
1116,Danshi Koukousei no Nichijou Specials,7.82,Special,6,Apr 2012 - Sep 2012,"159,814 members"
1117,Digimon Adventure: Bokura no War Game!,7.82,Movie,1,Mar 2000 - Mar 2000,"99,116 members"
1118,Enen no Shouboutai: Ni no Shou,7.82,TV,24,Jul 2020 - Dec 2020,"936,552 members"
1119,Flanders no Inu (Movie),7.82,Movie,1,Mar 1997 - Mar 1997,"36,516 members"
1120,Giji Harem,7.82,TV,12,Jul 2024 - Sep 2024,"241,331 members"
1121,Gnosia,7.82,TV,21,Oct 2025 - Mar 2026,"59,764 members"
1122,Gungrave,7.82,TV,26,Oct 2003 - Mar 2004,"221,550 members"
1123,Heike Monogatari,7.82,TV,11,Jan 2022 - Mar 2022,"95,593 members"
1124,Hidamari Sketch x ☆☆☆ Specials,7.82,TV Special,2,Oct 2010 - Oct 2010,"28,712 members"
1125,Igano Kabamaru,7.82,TV,24,Oct 1983 - Mar 1984,"12,915 members"
1126,Jibaku Shounen Hanako-kun,7.82,TV,12,Jan 2020 - Mar 2020,"698,514 members"
1127,Jungle wa Itsumo Hare nochi Guu,7.82,TV,26,Apr 2001 - Sep 2001,"52,268 members"
1128,Kidou Senshi Gundam: Senkou no Hathaway,7.82,Movie,1,Jun 2021 - Jun 2021,"65,636 members"
1129,Kochira Katsushikaku Kameari Kouenmae Hashutsujo,7.82,TV,373,Jun 1996 - Dec 2004,"22,209 members"
1130,Kono Subarashii Sekai ni Shukufuku wo!: Kono Subarashii Choker ni Shukufuku wo!,7.82,OVA,1,Jun 2016 - Jun 2016,"450,061 members"
1131,Ling Long: Incarnation Part 2,7.82,ONA,6,Jul 2020 - Oct 2020,"3,924 members"
1132,One Piece Film: Red,7.82,Movie,1,Aug 2022 - Aug 2022,"233,721 members"
1133,Planetarian: Hoshi no Hito,7.82,Movie,1,Sep 2016 - Sep 2016,"54,749 members"
1134,Seitokai Yakuindomo Movie,7.82,Movie,1,Jul 2017 - Jul 2017,"66,939 members"
1135,Suzumiya Haruhi no Yuuutsu,7.82,TV,14,Apr 2006 - Jul 2006,"991,442 members"
1136,Tentai Senshi Sunred 2nd Season,7.82,TV,26,Oct 2009 - Mar 2010,"8,856 members"
1137,Uchouten Kazoku,7.82,TV,13,Jul 2013 - Sep 2013,"191,292 members"
1138,Youkoso Jitsuryoku Shijou Shugi no Kyoushitsu e,7.82,TV,12,Jul 2017 - Sep 2017,"1,497,728 members"
1139,BanG Dream! It's MyGO!!!!! Movie,7.81,Movie,2,Sep 2024 - Nov 2024,"3,483 members"
1140,Gekkan Shoujo Nozaki-kun,7.81,TV,12,Jul 2014 - Sep 2014,"1,005,298 members"
1141,Ginga Eiyuu Densetsu: Die Neue These - Kaikou,7.81,TV,12,Apr 2018 - Jun 2018,"107,770 members"
1142,Grisaia no Meikyuu: Caprice no Mayu 0,7.81,TV Special,1,Apr 2015 - Apr 2015,"260,504 members"
1143,Id:Invaded,7.81,TV,13,Jan 2020 - Mar 2020,"433,586 members"
1144,Jungle wa Itsumo Hare nochi Guu Deluxe,7.81,OVA,6,Aug 2002 - Jan 2003,"14,286 members"
1145,Kara no Kyoukai Movie 4: Garan no Dou,7.81,Movie,1,May 2008 - May 2008,"242,111 members"
1146,Kengan Ashura Season 2 Part 2,7.81,ONA,16,Aug 2024 - Aug 2024,"32,934 members"
1147,Kidou Senshi Gundam: Senkou no Hathaway - Circe no Majo,7.81,Movie,1,Jan 2026 - Jan 2026,"18,075 members"
1148,Little Witch Academia (TV),7.81,TV,25,Jan 2017 - Jun 2017,"719,509 members"
1149,Lupin the IIIrd: Jigen Daisuke no Bohyou,7.81,Movie,1,Jun 2014 - Jun 2014,"33,676 members"
1150,Maria-sama ga Miteru 3rd,7.81,OVA,5,Dec 2006 - Jul 2007,"25,497 members"
1151,Mind Game,7.81,Movie,1,Aug 2004 - Aug 2004,"98,538 members"
1152,New Initial D Movie: Legend 1 - Kakusei,7.81,Movie,1,Aug 2014 - Aug 2014,"44,897 members"
1153,Nitian Xie Shen,7.81,ONA,30,Sep 2023 - Mar 2024,"2,865 members"
1154,Shadows House,7.81,TV,13,Apr 2021 - Jul 2021,"287,787 members"
1155,Shanhe Jian Xin,7.81,ONA,16,Feb 2021 - Mar 2021,"24,038 members"
1156,Slayers Try,7.81,TV,26,Apr 1997 - Sep 1997,"59,837 members"
1157,Somali to Mori no Kamisama,7.81,TV,12,Jan 2020 - Mar 2020,"322,231 members"
1158,Tamon-kun Ima Docchi!?,7.81,TV,13,Jan 2026 - Mar 2026,"103,563 members"
1159,Tasogare Otome x Amnesia,7.81,TV,12,Apr 2012 - Jun 2012,"455,068 members"
1160,Tokyo Revengers: Tenjiku-hen,7.81,TV,13,Oct 2023 - Dec 2023,"282,596 members"
1161,Working'!!,7.81,TV,13,Oct 2011 - Dec 2011,"290,574 members"
1162,Yuru Yuri♪♪,7.81,TV,12,Jul 2012 - Sep 2012,"211,391 members"
1163,Yuukoku no Moriarty OVA,7.81,OVA,2,Apr 2022 - Apr 2022,"50,435 members"
1164,Break Blade Movie 5: Shisen no Hate,7.80,Movie,1,Jan 2011 - Jan 2011,"57,492 members"
1165,Bungou Stray Dogs,7.80,TV,12,Apr 2016 - Jun 2016,"1,573,596 members"
1166,Dance Dance Danseur,7.80,TV,11,Apr 2022 - Jun 2022,"106,503 members"
1167,Eikoku Koi Monogatari Emma: Molders-hen,7.80,TV,12,Apr 2007 - Jul 2007,"42,995 members"
1168,Gochuumon wa Usagi desu ka?? Dear My Sister,7.80,Movie,1,Nov 2017 - Nov 2017,"46,453 members"
1169,Goku Sayonara Zetsubou Sensei,7.80,OVA,3,Oct 2008 - Feb 2009,"79,922 members"
1170,Haikyuu!! (OVA),7.80,OVA,10,Mar 2020 - Mar 2020,"36,772 members"
1171,InuYasha Movie 3: Tenka Hadou no Ken,7.80,Movie,1,Dec 2003 - Dec 2003,"120,344 members"
1172,Lucky☆Star: Original na Visual to Animation,7.80,OVA,1,Sep 2008 - Sep 2008,"153,730 members"
1173,Lupin III: Part II,7.80,TV,155,Oct 1977 - Oct 1980,"39,775 members"
1174,Lupin III: The First,7.80,Movie,1,Dec 2019 - Dec 2019,"48,813 members"
1175,Magi: Sinbad no Bouken,7.80,OVA,5,May 2014 - Jul 2015,"148,730 members"
1176,Mahoujin Guruguru (2017),7.80,TV,24,Jul 2017 - Dec 2017,"35,326 members"
1177,Meitantei Conan Movie 08: Ginyoku no Time Travel Recap,7.80,TV Special,1,Apr 2004 - Apr 2004,"23,127 members"
1178,MF Ghost 2nd Season,7.80,TV,12,Oct 2024 - Dec 2024,"52,173 members"
1179,Ojamajo Doremi Dokkaan!,7.80,TV,51,Feb 2002 - Jan 2003,"19,731 members"
1180,One Piece Movie 06: Omatsuri Danshaku to Himitsu no Shima,7.80,Movie,1,Mar 2005 - Mar 2005,"123,889 members"
1181,Oomuro-ke: Dear Friends,7.80,Movie,1,Jun 2024 - Jun 2024,"10,747 members"
1182,Sekaiichi Hatsukoi 2,7.80,TV,12,Oct 2011 - Dec 2011,"178,283 members"
1183,Seto no Hanayome OVA,7.80,OVA,2,Nov 2008 - Jan 2009,"56,512 members"
1184,The Last: Naruto the Movie,7.80,Movie,1,Dec 2014 - Dec 2014,"677,915 members"
1185,Tokyo Revengers,7.80,TV,24,Apr 2021 - Sep 2021,"1,427,583 members"
1186,Trigun Stampede,7.80,TV,12,Jan 2023 - Mar 2023,"241,156 members"
1187,Xian Ni Movie: Shenlin Zhi Zhan,7.80,ONA,1,May 2025 - May 2025,"1,883 members"
1188,Baby Steps,7.79,TV,25,Apr 2014 - Sep 2014,"167,139 members"
1189,Blue Period,7.79,TV,12,Oct 2021 - Dec 2021,"538,408 members"
1190,Change!! Getter Robo: Sekai Saigo no Hi,7.79,OVA,13,Aug 1998 - May 1999,"18,604 members"
1191,Clevatess: Majuu no Ou to Akago to Shikabane no Yuusha,7.79,TV,12,Jul 2025 - Sep 2025,"218,782 members"
1192,Digimon Adventure,7.79,TV,54,Mar 1999 - Mar 2000,"429,786 members"
1193,Doraemon (2005),7.79,TV,?,Apr 2005 -,"23,819 members"
1194,Dragon Ball Kai,7.79,TV,97,Apr 2009 - Mar 2011,"439,884 members"
1195,Ginga Tetsudou 999,7.79,TV,113,Sep 1978 - Mar 1981,"47,274 members"
1196,Hibike! Euphonium Movie 3: Chikai no Finale,7.79,Movie,1,Apr 2019 - Apr 2019,"87,148 members"
1197,Jormungand,7.79,TV,12,Apr 2012 - Jun 2012,"402,896 members"
1198,Kokoro ga Sakebitagatterunda.,7.79,Movie,1,Sep 2015 - Sep 2015,"358,163 members"
1199,Little Witch Academia,7.79,Movie,1,Mar 2013 - Mar 2013,"327,033 members"
1200,Macross F Movie 1: Itsuwari no Utahime,7.79,Movie,1,Nov 2009 - Nov 2009,"33,248 members"
1201,Meitantei Conan Movie 07: Meikyuu no Crossroad,7.79,Movie,1,Apr 2003 - Apr 2003,"58,017 members"
1202,Meitantei Conan Movie 09: Suihei Senjou no Strategy,7.79,Movie,1,Apr 2005 - Apr 2005,"55,579 members"
1203,MF Ghost 3rd Season,7.79,TV,13,Jan 2026 - Mar 2026,"36,520 members"
1204,Seikai no Senki II,7.79,TV,10,Jul 2001 - Sep 2001,"25,914 members"
1205,Taishou Otome Otogibanashi,7.79,TV,12,Oct 2021 - Dec 2021,"177,621 members"
1206,Tanaka-kun wa Itsumo Kedaruge,7.79,TV,12,Apr 2016 - Jun 2016,"519,555 members"
1207,Tokyo Ghoul,7.79,TV,12,Jul 2014 - Sep 2014,"3,091,017 members"
1208,Umibe no Étranger,7.79,Movie,1,Sep 2020 - Sep 2020,"224,799 members"
1209,Wolf's Rain,7.79,TV,26,Jan 2003 - Jul 2003,"356,741 members"
1210,You Shou Yan,7.79,ONA,12,Apr 2023 - Jun 2023,"2,573 members"
1211,Beastars,7.78,TV,12,Oct 2019 - Dec 2019,"969,541 members"
1212,Chainsaw Man Recap,7.78,ONA,2,Sep 2025 - Sep 2025,"19,080 members"
1213,Coquelicot-zaka kara,7.78,Movie,1,Jul 2011 - Jul 2011,"232,156 members"
1214,Emiya-san Chi no Kyou no Gohan,7.78,ONA,13,Jan 2018 - Jan 2019,"146,246 members"
1215,"Haikyuu!! vs. ""Akaten""",7.78,OVA,1,May 2016 - May 2016,"105,318 members"
1216,Hidamari Sketch x SP,7.78,TV Special,2,Oct 2011 - Nov 2011,"17,443 members"
1217,Hoozuki no Reitetsu,7.78,TV,13,Jan 2014 - Apr 2014,"141,467 members"
1218,Inazuma Eleven,7.78,TV,127,Oct 2008 - Apr 2011,"243,825 members"
1219,Jin-Rou,7.78,Movie,1,Jun 2000 - Jun 2000,"209,522 members"
1220,Kaijuu 8-gou 2nd Season,7.78,TV,11,Jul 2025 - Sep 2025,"390,432 members"
1221,Kidou Senshi Gundam,7.78,TV,43,Apr 1979 - Jan 1980,"154,503 members"
1222,Kidou Senshi Gundam III: Meguriai Sora-hen,7.78,Movie,1,Mar 1982 - Mar 1982,"42,736 members"
1223,Kobayashi-san Chi no Maid Dragon S: Nippon no Omotenashi - Attend wa Dragon desu,7.78,Special,1,Jan 2022 - Jan 2022,"85,075 members"
1224,Kuroko no Basket Movie 2: Winter Cup - Namida no Saki e,7.78,Movie,1,Oct 2016 - Oct 2016,"44,396 members"
1225,Kuroko no Basket: Tip Off,7.78,Special,1,Feb 2013 - Feb 2013,"113,986 members"
1226,Langlang Shan Xiao Yaoguai,7.78,Movie,1,Aug 2025 - Aug 2025,"1,349 members"
1227,Last Exile,7.78,TV,26,Apr 2003 - Sep 2003,"190,264 members"
1228,Magic Kaito,7.78,TV Special,12,Apr 2010 - Dec 2012,"79,566 members"
1229,Meitantei Conan Movie 12: Senritsu no Full Score,7.78,Movie,1,Apr 2008 - Apr 2008,"52,275 members"
1230,Meitantei Conan Movie 24: Hiiro no Dangan,7.78,Movie,1,Apr 2021 - Apr 2021,"26,280 members"
1231,Mushoku Tensei: Isekai Ittara Honki Dasu - Eris no Goblin Toubatsu,7.78,Special,1,Mar 2022 - Mar 2022,"220,679 members"
1232,Nige Jouzu no Wakagimi,7.78,TV,12,Jul 2024 - Sep 2024,"217,087 members"
1233,Nodame Cantabile: Finale - Mine to Kiyora no Saikai,7.78,Special,1,Apr 2010 - Apr 2010,"47,194 members"
1234,Ranma ½,7.78,TV,161,Apr 1989 - Sep 1992,"287,157 members"
1235,Rurouni Kenshin: Meiji Kenkaku Romantan - Kyoto Douran,7.78,TV,23,Oct 2024 - Mar 2025,"65,165 members"
1236,Saint Seiya: Meiou Hades Meikai-hen,7.78,OVA,12,Dec 2005 - Feb 2007,"55,851 members"
1237,Saint☆Oniisan (Movie),7.78,Movie,1,May 2013 - May 2013,"104,956 members"
1238,Shin Kidou Senki Gundam Wing: Endless Waltz Tokubetsu-hen,7.78,Movie,1,Aug 1998 - Aug 1998,"66,816 members"
1239,"Yahari Ore no Seishun Love Comedy wa Machigatteiru. Kan: Dakara, Shishunki wa Owarazu ni, Seishun wa Tsuzuiteiku.",7.78,OVA,1,Apr 2023 - Apr 2023,"132,581 members"
1240,Aggressive Retsuko (ONA) 3rd Season,7.77,ONA,10,Aug 2020 - Aug 2020,"100,344 members"
1241,Aria the Crepuscolo,7.77,Movie,1,Mar 2021 - Mar 2021,"15,625 members"
1242,BanG Dream! Garupa☆Pico: Oomori,7.77,ONA,26,May 2020 - Oct 2020,"13,866 members"
1243,Bishoujo Senshi Sailor Moon Crystal Season III,7.77,TV,13,Apr 2016 - Jun 2016,"68,905 members"
1244,Break Blade Movie 3: Kyoujin no Ato,7.77,Movie,1,Sep 2010 - Sep 2010,"61,022 members"
1245,"Clannad: After Story - Mou Hitotsu no Sekai, Kyou-hen",7.77,Special,1,Jul 2009 - Jul 2009,"278,722 members"
1246,Class de 2-banme ni Kawaii Onnanoko to Tomodachi ni Natta,7.77,TV,12,Apr 2026 - Jun 2026,"176,530 members"
1247,Code Geass: Hangyaku no Lelouch R2 Special Edition - Zero Requiem,7.77,OVA,1,Jul 2009 - Jul 2009,"52,163 members"
1248,Fanren Xiu Xian Zhuan,7.77,ONA,17,Jul 2020 - Nov 2020,"8,812 members"
1249,Free! Movie 4: The Final Stroke - Zenpen,7.77,Movie,1,Sep 2021 - Sep 2021,"65,239 members"
1250,Gochuumon wa Usagi desu ka??,7.77,TV,12,Oct 2015 - Dec 2015,"143,029 members"
1251,Gochuumon wa Usagi desu ka?? Sing for You,7.77,OVA,1,Sep 2019 - Sep 2019,"29,589 members"
1252,Hadashi no Gen,7.77,Movie,1,Jul 1983 - Jul 1983,"62,261 members"
1253,Innocence,7.77,Movie,1,Mar 2004 - Mar 2004,"181,696 members"
1254,Inu-Ou,7.77,Movie,1,May 2022 - May 2022,"43,468 members"
1255,Kekkai Sensen & Beyond,7.77,TV,12,Oct 2017 - Dec 2017,"481,166 members"
1256,"Komi-san wa, Comyushou desu.",7.77,TV,12,Oct 2021 - Dec 2021,"1,031,464 members"
1257,Kuroko no Basket Movie 1: Winter Cup - Kage to Hikari,7.77,Movie,1,Sep 2016 - Sep 2016,"49,192 members"
1258,Liang Bu Yi,7.77,ONA,24,Apr 2021 - Nov 2021,"14,786 members"
1259,Lupin the Third: Mine Fujiko to Iu Onna,7.77,TV,13,Apr 2012 - Jun 2012,"71,133 members"
1260,Mahoutsukai no Yome Season 2,7.77,TV,12,Apr 2023 - Jun 2023,"223,898 members"
1261,Mashle: Shinkakusha Kouho Senbatsu Shiken-hen,7.77,TV,12,Jan 2024 - Mar 2024,"530,082 members"
1262,Master Keaton OVA,7.77,OVA,15,Dec 1999 - Jun 2000,"12,654 members"
1263,Saint Seiya,7.77,TV,114,Oct 1986 - Apr 1989,"206,844 members"
1264,Shiguang Dailiren Fanwai Pian: Biwu Zhaoqin,7.77,ONA,1,May 2021 - May 2021,"57,393 members"
1265,Tianbao Fuyao Lu 2nd Season,7.77,ONA,13,Apr 2021 - Aug 2021,"4,976 members"
1266,Tonikaku Kawaii: Joshikou-hen,7.77,ONA,4,Jul 2023 - Aug 2023,"80,878 members"
1267,You Shou Yan 2nd Season,7.77,ONA,12,Jun 2023 - Sep 2023,"1,374 members"
1268,Yuru Yuri Nachuyachumi!+,7.77,TV Special,2,Aug 2015 - Sep 2015,"59,775 members"
1269,Akagami no Shirayuki-hime,7.76,TV,12,Jul 2015 - Sep 2015,"748,614 members"
1270,Beastars Final Season,7.76,ONA,12,Dec 2024 - Dec 2024,"118,489 members"
1271,Bishoujo Senshi Sailor Moon,7.76,TV,46,Mar 1992 - Feb 1993,"419,897 members"
1272,Bishoujo Senshi Sailor Moon Eternal Movie 2,7.76,Movie,1,Feb 2021 - Feb 2021,"31,277 members"
1273,Black Jack,7.76,OVA,12,Dec 1993 - Dec 2011,"47,238 members"
1274,Boku no Kokoro no Yabai Yatsu Movie,7.76,Movie,1,Feb 2026 - Feb 2026,"43,891 members"
1275,Charlotte,7.76,TV,13,Jul 2015 - Sep 2015,"1,787,845 members"
1276,Da Zhuzai: Nian Fan,7.76,ONA,52,Jun 2023 - Jun 2024,"3,620 members"
1277,Gokinjo Monogatari,7.76,TV,50,Sep 1995 - Sep 1996,"32,724 members"
1278,Hibi wa Sugiredo Meshi Umashi,7.76,TV,12,Apr 2025 - Jun 2025,"54,432 members"
1279,Hug tto! Precure♡Futari wa Precure Movie: All Stars Memories,7.76,Movie,1,Oct 2018 - Oct 2018,"5,463 members"
1280,JoJo no Kimyou na Bouken: Phantom Blood,7.76,Movie,1,Feb 2007 - Feb 2007,"76,057 members"
1281,Kubikiri Cycle: Aoiro Savant to Zaregotozukai,7.76,OVA,8,Oct 2016 - Sep 2017,"115,146 members"
1282,Love Live! School Idol Project 2nd Season,7.76,TV,13,Apr 2014 - Jun 2014,"274,554 members"
1283,Lucky☆Star,7.76,TV,24,Apr 2007 - Sep 2007,"705,062 members"
1284,Maria-sama ga Miteru 4th,7.76,TV,13,Jan 2009 - Mar 2009,"25,079 members"
1285,Mujin Wakusei Survive,7.76,TV,52,Oct 2003 - Oct 2004,"33,648 members"
1286,Psycho-Pass 3: First Inspector,7.76,ONA,3,Mar 2020 - Mar 2020,"113,487 members"
1287,Saenai Heroine no Sodatekata ♭,7.76,TV,11,Apr 2017 - Jun 2017,"403,210 members"
1288,Seishun Buta Yarou wa Odekake Sister no Yume wo Minai,7.76,Movie,1,Jun 2023 - Jun 2023,"215,420 members"
1289,Seitokai Yakuindomo Movie 2,7.76,Movie,1,Jan 2021 - Jan 2021,"37,404 members"
1290,"Tadaima, Okaeri",7.76,TV,12,Apr 2024 - Jun 2024,"49,030 members"
1291,Taiyou no Ko Esteban,7.76,TV,39,May 1982 - Feb 1983,"16,326 members"
1292,Tantei Gakuen Q,7.76,TV,45,Apr 2003 - Mar 2004,"38,252 members"
1293,Texhnolyze,7.76,TV,22,Apr 2003 - Sep 2003,"296,700 members"
1294,Urusei Yatsura,7.76,TV,195,Oct 1981 - Mar 1986,"100,520 members"
1295,BanG Dream! Garupa☆Pico,7.75,ONA,26,Jul 2018 - Dec 2018,"24,646 members"
1296,Beastars 2nd Season,7.75,TV,12,Jan 2021 - Mar 2021,"501,406 members"
1297,Cardcaptor Sakura: Clear Card-hen Prologue - Sakura to Futatsu no Kuma,7.75,OVA,1,Sep 2017 - Sep 2017,"47,538 members"
1298,Chuan Shu Zijiu Zhinan,7.75,ONA,10,Sep 2020 - Oct 2020,"23,760 members"
1299,City Hunter '91,7.75,TV,13,Apr 1991 - Oct 1991,"29,523 members"
1300,Dungeon ni Deai wo Motomeru no wa Machigatteiru Darou ka IV: Shin Shou - Meikyuu-hen,7.75,TV,11,Jul 2022 - Oct 2022,"417,545 members"
1301,Edogawa Conan Shissou Jiken: Shijou Saiaku no Futsukakan,7.75,TV Special,1,Dec 2014 - Dec 2014,"14,907 members"
1302,Free! Take Your Marks,7.75,Movie,1,Oct 2017 - Oct 2017,"92,882 members"
1303,Gakkou no Kaidan,7.75,TV,19,Oct 2000 - Mar 2001,"257,589 members"
1304,Gakuen Babysitters Special,7.75,Special,1,Sep 2018 - Sep 2018,"50,142 members"
1305,Genshiken 2,7.75,TV,12,Oct 2007 - Dec 2007,"89,601 members"
1306,Gundam Build Fighters,7.75,TV,25,Oct 2013 - Mar 2014,"82,393 members"
1307,Honzuki no Gekokujou: Shisho ni Naru Tame ni wa Shudan wo Erandeiraremasen - Ryoushu no Youjo,7.75,TV,24,Apr 2026 -,"90,732 members"
1308,Jujutsu Kaisen 2nd Season Recaps,7.75,TV Special,2,Aug 2023 - Aug 2023,"38,906 members"
1309,Kara no Kyoukai Movie 2: Satsujin Kousatsu (Zen),7.75,Movie,1,Dec 2007 - Dec 2007,"257,911 members"
1310,Luo Xiaohei Zhanji,7.75,ONA,28,Mar 2011 - Aug 2019,"8,213 members"
1311,Lupin III vs. Meitantei Conan,7.75,TV Special,1,Mar 2009 - Mar 2009,"39,500 members"
1312,Mofa Gongzhu de Xiao Fannao,7.75,ONA,16,Sep 2025 - Dec 2025,"53,152 members"
1313,Overlord II,7.75,TV,13,Jan 2018 - Apr 2018,"1,145,721 members"
1314,Overlord Movie 3: Sei Oukoku-hen,7.75,Movie,1,Sep 2024 - Sep 2024,"126,130 members"
1315,Saiyuuki Gaiden,7.75,OVA,3,Mar 2011 - Nov 2011,"14,858 members"
1316,Saraiya Goyou,7.75,TV,12,Apr 2010 - Jul 2010,"101,984 members"
1317,Sekaiichi Hatsukoi: Valentine-hen,7.75,Movie,1,Mar 2014 - Mar 2014,"44,840 members"
1318,Shiki Specials,7.75,Special,2,May 2011 - Jun 2011,"77,432 members"
1319,Shounan Bakusouzoku,7.75,OVA,12,Sep 1986 - Mar 1999,"8,616 members"
1320,Toshokan Sensou: Kakumei no Tsubasa,7.75,Movie,1,Jun 2012 - Jun 2012,"26,352 members"
1321,Toujima Tanzaburou wa Kamen Rider ni Naritai,7.75,TV,24,Oct 2025 - Mar 2026,"69,532 members"
1322,Zan Sayonara Zetsubou Sensei Bangaichi,7.75,OVA,2,Nov 2009 - Feb 2010,"42,990 members"
1323,Zhan Shen: Fanchen Shenyu II,7.75,ONA,15,Jun 2026 - Aug 2026,"1,644 members"
1324,BanG Dream! Garupa☆Pico Fever!,7.74,ONA,26,Oct 2021 - Mar 2022,"7,901 members"
1325,BanG Dream! Movie: Episode of Roselia - I: Yakusoku,7.74,Movie,1,Apr 2021 - Apr 2021,"13,829 members"
1326,Bishoujo Senshi Sailor Moon R,7.74,TV,43,Mar 1993 - Mar 1994,"173,834 members"
1327,Bishoujo Senshi Sailor Moon R: The Movie,7.74,Movie,1,Dec 1993 - Dec 1993,"73,042 members"
1328,Colorful (Movie),7.74,Movie,1,Aug 2010 - Aug 2010,"217,452 members"
1329,Devilman: Crybaby,7.74,ONA,10,Jan 2018 - Jan 2018,"1,295,275 members"
1330,Doraemon Movie 44: Nobita no E Sekai Monogatari,7.74,Movie,1,Mar 2025 - Mar 2025,"2,149 members"
1331,Dragon Ball Kai (2014),7.74,TV,61,Apr 2014 - Jun 2015,"220,518 members"
1332,Evangelion: Housou 30-shuunen Kinen Tokubetsu Kougyou,7.74,Special,1,Feb 2026 - Feb 2026,"8,033 members"
1333,Ghost Hunt,7.74,TV,25,Oct 2006 - Mar 2007,"244,621 members"
1334,Girls & Panzer: Kore ga Hontou no Anzio-sen desu!,7.74,OVA,1,Jul 2014 - Jul 2014,"55,966 members"
1335,Golden Time,7.74,TV,24,Oct 2013 - Mar 2014,"1,152,874 members"
1336,Hidamari Sketch x 365 Specials,7.74,Special,3,Mar 2009 - Oct 2009,"19,430 members"
1337,High Score Girl,7.74,TV,12,Jul 2018 - Sep 2018,"285,730 members"
1338,Isekai Ojisan,7.74,TV,13,Jul 2022 - Mar 2023,"439,480 members"
1339,Kidou Keisatsu Patlabor: On Television,7.74,TV,47,Oct 1989 - Sep 1990,"47,825 members"
1340,Kidou Senshi Gundam SEED,7.74,TV,50,Oct 2002 - Sep 2003,"187,362 members"
1341,Kimi ga Shinu made Koi wo Shitai,7.74,TV,13,Jul 2026 - Sep 2026,"87,506 members"
1342,Kuroko no Basket: Last Game NG-shuu,7.74,Special,1,Sep 2017 - Sep 2017,"37,953 members"
1343,Little Witch Academia: Mahoujikake no Parade,7.74,Movie,1,Oct 2015 - Oct 2015,"180,038 members"
1344,Luo Xiaohei Zhanji: Zhongsheng Zhi Men,7.74,ONA,12,Apr 2021 - Jul 2021,"2,545 members"
1345,Mairimashita! Iruma-kun,7.74,TV,23,Oct 2019 - Mar 2020,"580,842 members"
1346,Meitantei Conan Movie 19: Gouka no Himawari,7.74,Movie,1,Apr 2015 - Apr 2015,"45,309 members"
1347,Meitantei Conan OVA 10: Kid in Trap Island,7.74,OVA,1,Apr 2010 - Apr 2010,"20,016 members"
1348,Neko to Ryuu,7.74,TV,12,Jul 2026 - Sep 2026,"40,941 members"
1349,Panty & Stocking with Garterbelt,7.74,TV,13,Oct 2010 - Dec 2010,"452,473 members"
1350,Pokemon: The Origin,7.74,TV Special,4,Oct 2013 - Oct 2013,"248,914 members"
1351,Ranma ½ (2024) 2nd Season,7.74,TV,12,Oct 2025 - Dec 2025,"84,054 members"
1352,Ranma ½ OVA,7.74,OVA,6,Oct 1993 - Aug 1994,"39,200 members"
1353,Seitokai Yakuindomo OVA,7.74,OVA,8,Apr 2011 - Oct 2013,"137,634 members"
1354,Shin Kidou Senki Gundam Wing: Endless Waltz,7.74,OVA,3,Jan 1997 - Jul 1997,"52,156 members"
1355,Shingeki no Kyojin: The Final Season Specials,7.74,Special,2,Jul 2021 - Aug 2021,"21,316 members"
1356,Tentai Senshi Sunred,7.74,TV,26,Oct 2008 - Mar 2009,"23,448 members"
1357,The iDOLM@STER Cinderella Girls: U149,7.74,TV,12,Apr 2023 - Jun 2023,"19,661 members"
1358,Udon no Kuni no Kiniro Kemari,7.74,TV,12,Oct 2016 - Dec 2016,"145,796 members"
1359,Yamada-kun to Lv999 no Koi wo Suru,7.74,TV,13,Apr 2023 - Jun 2023,"573,841 members"
1360,Yoru no Kurage wa Oyogenai,7.74,TV,12,Apr 2024 - Jun 2024,"137,374 members"
1361,Zhe Tian,7.74,ONA,208,May 2023 -,"4,429 members"
1362,Bai Yao Pu: Jingshi Pian,7.73,ONA,12,Jul 2022 - Oct 2022,"4,672 members"
1363,Claymore,7.73,TV,26,Apr 2007 - Sep 2007,"731,445 members"
1364,Date A Live IV,7.73,TV,12,Apr 2022 - Jun 2022,"295,359 members"
1365,Death Note: Rewrite,7.73,TV Special,2,Aug 2007 - Aug 2008,"228,702 members"
1366,Doupo Cangqiong Special 2: Sha Zhi Lan Ge,7.73,ONA,3,Apr 2019 - Apr 2019,"5,169 members"
1367,Huangjin Tingyuan: Dongri Li de Xinnian Yuanwang,7.73,ONA,2,Jan 2023 - Jan 2023,"4,152 members"
1368,Kino no Tabi: The Beautiful World - Nanika wo Suru Tame ni - Life Goes On.,7.73,Movie,1,Feb 2005 - Feb 2005,"63,575 members"
1369,Kumichou Musume to Sewagakari,7.73,TV,12,Jul 2022 - Sep 2022,"266,820 members"
1370,Love Live! Nijigasaki Gakuen School Idol Doukoukai: Kanketsu-hen Part 2,7.73,Movie,1,Nov 2025 - Nov 2025,"5,876 members"
1371,Macross Plus,7.73,OVA,4,Aug 1994 - Jun 1995,"57,284 members"
1372,Macross Plus Movie Edition,7.73,Movie,1,Oct 1995 - Oct 1995,"21,125 members"
1373,Memories,7.73,Movie,3,Dec 1995 - Dec 1995,"163,742 members"
1374,Shaman King,7.73,TV,64,Jul 2001 - Sep 2002,"387,327 members"
1375,Shokugeki no Souma: Shin no Sara,7.73,TV,12,Oct 2019 - Dec 2019,"679,163 members"
1376,Soukou Kihei Votoms,7.73,TV,52,Apr 1983 - Mar 1984,"30,705 members"
1377,Uchuu Senkan Yamato 2199: Hoshimeguru Hakobune,7.73,Movie,1,Dec 2014 - Dec 2014,"16,635 members"
1378,Undead Unluck,7.73,TV,24,Oct 2023 - Mar 2024,"358,851 members"
1379,Aggressive Retsuko (ONA) 2nd Season,7.72,ONA,10,Jun 2019 - Jun 2019,"128,482 members"
1380,Ani ni Tsukeru Kusuri wa Nai! 2,7.72,TV,24,Jul 2018 - Dec 2018,"56,319 members"
1381,Bakuten!! Movie,7.72,Movie,1,Jul 2022 - Jul 2022,"22,394 members"
1382,BanG Dream! Film Live,7.72,Movie,1,Sep 2019 - Sep 2019,"15,161 members"
1383,Cheng He Titong 2nd Season,7.72,ONA,24,Jan 2026 - Jun 2026,"2,172 members"
1384,Chi's Sweet Home: Atarashii Ouchi,7.72,TV,104,Mar 2009 - Sep 2009,"32,646 members"
1385,Chibi Maruko-chan,7.72,TV,142,Jan 1990 - Sep 1992,"14,354 members"
1386,Clevatess II: Majuu no Ou to Itsuwari no Yuusha Denshou,7.72,TV,13,Jul 2026 - Sep 2026,"85,198 members"
1387,Daicon Opening Animations,7.72,Special,2,Aug 1981 - Aug 1983,"23,928 members"
1388,Dragon Quest: Dai no Daibouken (2020),7.72,TV,100,Oct 2020 - Oct 2022,"81,617 members"
1389,Enen no Shouboutai,7.72,TV,24,Jul 2019 - Dec 2019,"1,570,525 members"
1390,Enen no Shouboutai: San no Shou,7.72,TV,12,Apr 2025 - Jun 2025,"337,141 members"
1391,Free! Movie 3: Road to the World - Yume,7.72,Movie,1,Jul 2019 - Jul 2019,"32,380 members"
1392,Grisaia no Rakuen,7.72,TV,10,Apr 2015 - Jun 2015,"439,998 members"
1393,Hakumei to Mikochi,7.72,TV,12,Jan 2018 - Mar 2018,"73,561 members"
1394,Higashi no Eden,7.72,TV,11,Apr 2009 - Jun 2009,"602,133 members"
1395,InuYasha: Kuroi Tessaiga,7.72,Special,1,Jul 2008 - Jul 2008,"40,173 members"
1396,Kageki Shoujo!!,7.72,TV,13,Jul 2021 - Sep 2021,"94,261 members"
1397,Kokoro Connect,7.72,TV,13,Jul 2012 - Sep 2012,"897,124 members"
1398,Kyou kara Maou! 3rd Series,7.72,TV,39,Apr 2008 - Feb 2009,"38,039 members"
1399,Kyoukai no Kanata Movie 1: I'll Be Here - Kako-hen,7.72,Movie,1,Mar 2015 - Mar 2015,"179,638 members"
1400,Mono,7.72,TV,12,Apr 2025 - Jun 2025,"53,434 members"
1401,Neko no Ongaeshi,7.72,Movie,1,Jul 2002 - Jul 2002,"309,392 members"
1402,Princess Connect! Re:Dive Season 2,7.72,TV,12,Jan 2022 - Mar 2022,"143,978 members"
1403,Princess Principal: Crown Handler 2,7.72,Movie,1,Sep 2021 - Sep 2021,"19,891 members"
1404,Rozen Maiden: Ouvertüre,7.72,TV Special,2,Dec 2006 - Dec 2006,"64,504 members"
1405,Shen Mu: Nian Fan,7.72,ONA,52,Aug 2025 - Jul 2026,"1,258 members"
1406,Shunkashuutou Daikousha: Haru no Mai,7.72,TV,14,Mar 2026 - Jun 2026,"89,018 members"
1407,Slayers,7.72,TV,26,Apr 1995 - Sep 1995,"156,321 members"
1408,Tetsuwan Birdy Decode:02,7.72,TV,12,Jan 2009 - Mar 2009,"56,393 members"
1409,Tonikaku Kawaii: Seifuku,7.72,Special,1,Nov 2022 - Nov 2022,"115,156 members"
1410,Uchuu Kaizoku Captain Herlock,7.72,TV,42,Mar 1978 - Feb 1979,"44,094 members"
1411,Ueki no Housoku,7.72,TV,51,Apr 2005 - Mar 2006,"127,039 members"
1412,Xingchen Bian 5th Season,7.72,ONA,28,Dec 2022 - Jul 2023,"2,978 members"
1413,Yao Shen Ji 7th Season,7.72,ONA,52,Jan 2023 - Jul 2023,"3,241 members"
1414,"Akagami no Shirayuki-hime: Nandemonai Takaramono, Kono Page",7.71,OVA,1,Jan 2016 - Jan 2016,"86,575 members"
1415,Arakawa Under the Bridge x Bridge,7.71,TV,13,Oct 2010 - Dec 2010,"174,213 members"
1416,Berserk: Ougon Jidai-hen I - Haou no Tamago,7.71,Movie,1,Feb 2012 - Feb 2012,"249,882 members"
1417,Date A Live V,7.71,TV,12,Apr 2024 - Jun 2024,"148,015 members"
1418,"Doukyonin wa Hiza, Tokidoki, Atama no Ue.",7.71,TV,12,Jan 2019 - Mar 2019,"214,531 members"
1419,Fanren Xiu Xian Zhuan: Chongzhi Ban,7.71,ONA,21,Feb 2023 - Jun 2023,"1,816 members"
1420,Fate/Grand Order: Shuukyoku Tokuiten - Kani Jikan Shinden Solomon,7.71,Movie,1,Jul 2021 - Jul 2021,"91,133 members"
1421,Final Fantasy VII: Advent Children,7.71,Movie,1,Sep 2005 - Sep 2005,"221,015 members"
1422,"Gate: Jieitai Kanochi nite, Kaku Tatakaeri Part 2",7.71,TV,12,Jan 2016 - Mar 2016,"611,407 members"
1423,Given Movie 2: Hiiragi Mix Specials,7.71,Special,4,Aug 2024 - Aug 2024,"3,127 members"
1424,Isekai no Seikishi Monogatari,7.71,OVA,13,May 2009 - May 2010,"217,959 members"
1425,Keroro Gunsou,7.71,TV,358,Apr 2004 - Apr 2011,"84,673 members"
1426,Kidou Senshi Gundam: Gyakushuu no Char,7.71,Movie,1,Mar 1988 - Mar 1988,"60,713 members"
1427,Koukaku Kidoutai: Stand Alone Complex - Solid State Society 3D,7.71,Movie,1,Mar 2011 - Mar 2011,"18,099 members"
1428,Kyoukai no Kanata,7.71,TV,12,Oct 2013 - Dec 2013,"1,253,751 members"
1429,Ling Long: Incarnation Final Chapter,7.71,ONA,2,May 2021 - May 2021,"2,886 members"
1430,Lycoris Recoil: Friends Are Thieves of Time.,7.71,ONA,6,Apr 2025 - May 2025,"62,134 members"
1431,Monogatari Series: Off & Monster Season - Zankoku Douwa: Utsukushi-hime,7.71,ONA,1,Aug 2024 - Aug 2024,"12,994 members"
1432,Princess Principal: Crown Handler 3,7.71,Movie,1,Apr 2023 - Apr 2023,"14,884 members"
1433,Princess Sara,7.71,TV,46,Jan 1985 - Dec 1985,"24,392 members"
1434,Psycho-Pass: Sinners of the System Case.3 - Onshuu no Kanata ni＿＿,7.71,Movie,1,Mar 2019 - Mar 2019,"112,003 members"
1435,Saiyuuki Reload: Burial,7.71,OVA,3,Apr 2007 - Dec 2007,"14,946 members"
1436,Shiki,7.71,TV,22,Jul 2010 - Dec 2010,"655,287 members"
1437,Shoujo Kakumei Utena: Adolescence Mokushiroku,7.71,Movie,1,Aug 1999 - Aug 1999,"63,195 members"
1438,Sidonia no Kishi: Daikyuu Wakusei Seneki,7.71,TV,12,Apr 2015 - Jun 2015,"126,680 members"
1439,Tamayura: Sotsugyou Shashin Part 1 - Kizashi,7.71,Movie,1,Apr 2015 - Apr 2015,"14,129 members"
1440,Tegamibachi Reverse,7.71,TV,25,Oct 2010 - Mar 2011,"67,640 members"
1441,Tensei shitara Slime Datta Ken 3rd Season,7.71,TV,24,Apr 2024 - Sep 2024,"505,070 members"
1442,Tenshi no Tamago,7.71,OVA,1,Dec 1985 - Dec 1985,"190,612 members"
1443,Tiger & Bunny Movie 2: The Rising,7.71,Movie,1,Feb 2014 - Feb 2014,"34,653 members"
1444,Tsuki ga Michibiku Isekai Douchuu,7.71,TV,12,Jul 2021 - Sep 2021,"575,072 members"
1445,Tunshi Xingkong Movie: Juezhan Yuanshi Xing,7.71,ONA,1,May 2026 - May 2026,"1,136 members"
1446,Watashi no Ashinaga Ojisan,7.71,TV,40,Jan 1990 - Dec 1990,"19,780 members"
1447,Xingchen Bian 4th Season,7.71,ONA,16,Jan 2022 - Apr 2022,"3,524 members"
1448,Yamato Nadeshiko Shichihenge♥,7.71,TV,25,Oct 2006 - Mar 2007,"173,276 members"
1449,Bishoujo Senshi Sailor Moon S: Kaguya-hime no Koibito,7.70,Movie,1,Dec 1994 - Dec 1994,"58,734 members"
1450,Break Blade Movie 2: Ketsubetsu no Michi,7.70,Movie,1,Jun 2010 - Jun 2010,"64,148 members"
1451,Chuunibyou demo Koi ga Shitai!,7.70,TV,12,Oct 2012 - Dec 2012,"1,482,244 members"
1452,Doraemon Movie 27: Nobita no Shin Makai Daibouken - 7-nin no Mahoutsukai,7.70,Movie,1,Mar 2007 - Mar 2007,"13,151 members"
1453,Fate/Grand Carnival,7.70,OVA,4,Dec 2020 - Oct 2021,"63,482 members"
1454,Isekai Shokudou 2,7.70,TV,12,Oct 2021 - Dec 2021,"119,142 members"
1455,Jinrui wa Suitai Shimashita,7.70,TV,12,Jul 2012 - Sep 2012,"203,070 members"
1456,Joshikousei no Mudazukai,7.70,TV,12,Jul 2019 - Sep 2019,"138,439 members"
1457,Kuroko no Basket 2nd Season NG-shuu,7.70,Special,9,Jan 2014 - Sep 2014,"70,083 members"
1458,Ling Long: Incarnation Special,7.70,ONA,1,May 2021 - May 2021,"2,444 members"
1459,Meitantei Conan Movie 16: 11-ninme no Striker,7.70,Movie,1,Apr 2012 - Apr 2012,"49,459 members"
1460,Nezha Zhi Mo Tong Jiang Shi,7.70,Movie,1,Jul 2019 - Jul 2019,"22,974 members"
1461,Noragami OVA,7.70,OVA,2,Feb 2014 - Jul 2014,"341,613 members"
1462,One Piece: Episode of Sabo - 3 Kyoudai no Kizuna Kiseki no Saikai to Uketsugareru Ishi,7.70,TV Special,1,Aug 2015 - Aug 2015,"45,457 members"
1463,One Punch Man: Road to Hero,7.70,OVA,1,Dec 2015 - Dec 2015,"347,016 members"
1464,Overlord Movie 2: Shikkoku no Eiyuu,7.70,Movie,1,Mar 2017 - Mar 2017,"98,653 members"
1465,Pokemon Concierge,7.70,ONA,4,Dec 2023 - Dec 2023,"18,998 members"
1466,Saint Seiya: Meiou Hades Juuni Kyuu-hen - Yomigaerishi Gold Saint-tachi no Shinwa,7.70,Special,2,2003 - 2003,"10,774 members"
1467,School Rumble: Ichi Gakki Hoshuu,7.70,OVA,2,Dec 2005 - Dec 2005,"62,526 members"
1468,Sword Art Online: Progressive Movie - Kuraki Yuuyami no Scherzo,7.70,Movie,1,Oct 2022 - Oct 2022,"144,672 members"
1469,Tomo-chan wa Onnanoko!,7.70,TV,13,Jan 2023 - Mar 2023,"529,226 members"
1470,Tomodachi Game,7.70,TV,12,Apr 2022 - Jun 2022,"507,044 members"
1471,Uma Musume: Pretty Derby Season 3,7.70,TV,13,Oct 2023 - Dec 2023,"70,811 members"
1472,Uramichi Oniisan,7.70,TV,13,Jul 2021 - Sep 2021,"274,951 members"
1473,Ushiro no Shoumen Daare,7.70,Movie,1,Mar 1991 - Mar 1991,"16,062 members"
1474,"Watashi ga Koibito ni Nareru Wake Nai jan, Muri Muri! (※Muri ja Nakatta!?)",7.70,TV,12,Jul 2025 - Sep 2025,"114,159 members"
1475,Wind Breaker,7.70,TV,13,Apr 2024 - Jun 2024,"484,234 members"
1476,Yao Shen Ji 8th Season,7.70,ONA,52,Apr 2024 - Jul 2024,"2,301 members"
1477,Yuuki Yuuna wa Yuusha de Aru: Washio Sumi no Shou,7.70,TV,6,Oct 2017 - Nov 2017,"49,391 members"
1478,Zhe Tian Movie: Bei Guan Zhan Wang Teng,7.70,ONA,1,Apr 2026 - Apr 2026,859 members
1479,Aikatsu Stars!,7.69,TV,100,Apr 2016 - Mar 2018,"22,641 members"
1480,Aria the Animation,7.69,TV,13,Oct 2005 - Dec 2005,"180,639 members"
1481,BanG Dream! 5th Anniversary Animation: CiRCLE Thanks Party!,7.69,ONA,2,Mar 2022 - Mar 2022,"5,864 members"
1482,Fruits Basket,7.69,TV,26,Jul 2001 - Dec 2001,"571,682 members"
1483,Gekkan Shoujo Nozaki-kun Specials,7.69,Special,6,Sep 2014 - Feb 2015,"146,617 members"
1484,Haikyuu!! Lev Genzan!,7.69,OVA,1,Mar 2015 - Mar 2015,"147,304 members"
1485,Hakuouki Movie 2: Shikon Soukyuu,7.69,Movie,1,Mar 2014 - Mar 2014,"24,618 members"
1486,Hanasakeru Seishounen,7.69,TV,39,Apr 2009 - Feb 2010,"73,799 members"
1487,Hataraku Maou-sama!,7.69,TV,13,Apr 2013 - Jun 2013,"1,669,959 members"
1488,Hibike! Euphonium: Ensemble Contest-hen,7.69,Movie,1,Aug 2023 - Aug 2023,"38,437 members"
1489,IDOLiSH7,7.69,TV,17,Jan 2018 - May 2018,"79,521 members"
1490,Kakushigoto Movie,7.69,Movie,1,Jul 2021 - Jul 2021,"45,224 members"
1491,Kidou Senshi Gundam Unicorn RE:0096,7.69,TV,22,Apr 2016 - Sep 2016,"40,355 members"
1492,Kindaichi Shounen no Jikenbo Returns 2nd Season,7.69,TV,22,Oct 2015 - Mar 2016,"13,294 members"
1493,"Kobayashi-san Chi no Maid Dragon: Valentine, Soshite Onsen! - Amari Kitai Shinaide Kudasai",7.69,Special,1,Sep 2017 - Sep 2017,"238,745 members"
1494,Kyousou Giga (TV),7.69,TV,10,Oct 2013 - Dec 2013,"212,214 members"
1495,Little Busters! EX,7.69,Special,8,Jan 2014 - Jul 2014,"59,242 members"
1496,Muumindani no Suisei,7.69,Movie,1,Aug 1992 - Aug 1992,"12,466 members"
1497,Naruto: Shippuuden Movie 6 - Road to Ninja,7.69,Movie,1,Jul 2012 - Jul 2012,"385,165 members"
1498,New Game!!,7.69,TV,12,Jul 2017 - Sep 2017,"273,399 members"
1499,One Punch Man Specials,7.69,Special,6,Dec 2015 - May 2016,"350,082 members"
1500,Psycho-Pass Movie 1,7.69,Movie,1,Jan 2015 - Jan 2015,"294,368 members"
1501,Shigatsu wa Kimi no Uso: Moments,7.69,OVA,1,May 2015 - May 2015,"121,509 members"
1502,Tsurune: Kazemai Koukou Kyuudou-bu,7.69,TV,13,Oct 2018 - Jan 2019,"182,767 members"
1503,Yeon-ui Pyeonji,7.69,Movie,1,Oct 2025 - Oct 2025,"6,260 members"
1504,"Yuru Yuri,",7.69,OVA,1,Sep 2019 - Sep 2019,"36,608 members"
1505,Zom 100: Zombie ni Naru made ni Shitai 100 no Koto,7.69,TV,12,Jul 2023 - Dec 2023,"700,955 members"
1506,Ani ni Tsukeru Kusuri wa Nai! 3,7.68,TV,12,Oct 2019 - Dec 2019,"43,251 members"
1507,Asagao to Kase-san.,7.68,OVA,1,Jun 2018 - Jun 2018,"136,744 members"
1508,Cang Yuan Tu 3,7.68,ONA,?,Apr 2026 -,"1,377 members"
1509,Cardcaptor Sakura: Clear Card-hen,7.68,TV,22,Jan 2018 - Jun 2018,"135,753 members"
1510,Chi's Sweet Home,7.68,TV,104,Mar 2008 - Sep 2008,"68,990 members"
1511,D.Gray-man Hallow,7.68,TV,13,Jul 2016 - Sep 2016,"200,984 members"
1512,Doraemon Movie 07: Nobita to Tetsujin Heidan,7.68,Movie,1,Mar 1986 - Mar 1986,"10,663 members"
1513,Doraemon Movie 26: Nobita no Kyouryuu 2006,7.68,Movie,1,Mar 2006 - Mar 2006,"19,365 members"
1514,Doraemon Movie 33: Nobita no Himitsu Dougu Museum,7.68,Movie,1,Mar 2013 - Mar 2013,"10,791 members"
1515,Hirogaru Sky! Precure,7.68,TV,50,Feb 2023 - Jan 2024,"13,126 members"
1516,Hourou Musuko,7.68,TV,11,Jan 2011 - Apr 2011,"138,263 members"
1517,Konnichiwa Anne: Before Green Gables,7.68,TV,39,Apr 2009 - Dec 2009,"9,540 members"
1518,Kore Kaite Shine,7.68,TV,12,Jul 2026 - Sep 2026,"18,464 members"
1519,Koutetsujou no Kabaneri Movie 3: Unato Kessen,7.68,Movie,1,May 2019 - May 2019,"153,714 members"
1520,Kun Tun Tianxia Zhi Zhang Men Guilai,7.68,ONA,12,May 2025 - Jul 2025,"32,826 members"
1521,Love Live! Superstar!! 2nd Season,7.68,TV,12,Jul 2022 - Oct 2022,"39,406 members"
1522,Meitantei Conan Movie 21: Karakurenai no Love Letter,7.68,Movie,1,Apr 2017 - Apr 2017,"36,590 members"
1523,Migi to Dali,7.68,TV,13,Oct 2023 - Dec 2023,"109,212 members"
1524,Monsters: Ippyaku Sanjou Hiryuu Jigoku,7.68,ONA,1,Jan 2024 - Jan 2024,"52,680 members"
1525,Nurarihyon no Mago OVA,7.68,OVA,2,Dec 2012 - Mar 2013,"26,918 members"
1526,Pokemon Movie 01: Mewtwo no Gyakushuu,7.68,Movie,1,Jul 1998 - Jul 1998,"287,634 members"
1527,Shingeki no Kyojin Season 3 Specials,7.68,Special,7,Oct 2018 - Sep 2019,"44,950 members"
1528,Space Cobra,7.68,TV,31,Oct 1982 - May 1983,"28,433 members"
1529,Yuuki Yuuna wa Yuusha de Aru: Yuusha no Shou,7.68,TV,6,Nov 2017 - Jan 2018,"45,344 members"
1530,Zhen Hun Jie 4th Season,7.68,ONA,26,Nov 2024 - May 2025,"2,362 members"
1531,3D Kanojo: Real Girl 2nd Season,7.67,TV,12,Jan 2019 - Mar 2019,"211,513 members"
1532,Bai Yao Pu: Si Fu Pian,7.67,ONA,12,Feb 2024 - May 2024,"2,984 members"
1533,Break Blade Movie 6: Doukoku no Toride,7.67,Movie,1,Mar 2011 - Mar 2011,"57,103 members"
1534,Cang Yuan Tu: Dongning Fu Fanwai Pian,7.67,ONA,4,Jul 2024 - Aug 2024,"2,258 members"
1535,Doupo Cangqiong: Yuanqi,7.67,ONA,3,Jul 2022 - Jul 2022,"4,420 members"
1536,Evangelion Movie 3: Q,7.67,Movie,1,Nov 2012 - Nov 2012,"499,135 members"
1537,Free! Movie 2: Timeless Medley - Yakusoku,7.67,Movie,1,Jul 2017 - Jul 2017,"48,729 members"
1538,"Gate: Jieitai Kanochi nite, Kaku Tatakaeri",7.67,TV,12,Jul 2015 - Sep 2015,"897,804 members"
1539,Ginga Tokkyuu Milky☆Subway Movie: Kakueki Teisha Gekijou Yuki,7.67,Movie,1,Feb 2026 - Feb 2026,"5,133 members"
1540,Ichigo Mashimaro Encore,7.67,OVA,2,Jan 2009 - Mar 2009,"27,686 members"
1541,InuYasha Movie 2: Kagami no Naka no Mugenjou,7.67,Movie,1,Dec 2002 - Dec 2002,"112,291 members"
1542,Jishou Akuyaku Reijou na Konyakusha no Kansatsu Kiroku.,7.67,TV,12,Apr 2026 - Jun 2026,"70,970 members"
1543,Junjou Romantica OVA,7.67,OVA,2,Dec 2012 - Dec 2015,"59,280 members"
1544,Karakai Jouzu no Takagi-san,7.67,TV,12,Jan 2018 - Mar 2018,"646,556 members"
1545,Kill la Kill Specials,7.67,Special,2,Sep 2014 - Sep 2014,"213,271 members"
1546,Kimi no Koto ga Daidaidaidaidaisuki na 100-nin no Kanojo,7.67,TV,12,Oct 2023 - Dec 2023,"349,230 members"
1547,Kino no Tabi: The Beautiful World - Byouki no Kuni - For You,7.67,Movie,1,Apr 2007 - Apr 2007,"54,805 members"
1548,Kui Cheng Shoufu Cong Youxi Kaishi,7.67,ONA,16,Feb 2024 - May 2024,"8,275 members"
1549,Princess Principal,7.67,TV,12,Jul 2017 - Sep 2017,"227,391 members"
1550,Seitokai Yakuindomo*,7.67,TV,13,Jan 2014 - Mar 2014,"274,155 members"
